"","path","file"
"1","/Users/jasper/Desktop/BIO3018F/Jasper/Practical/Photos/Grass/NE/IMG_3402.JPG","Grass/NE/IMG_3402.JPG"
"2","/Users/jasper/Desktop/BIO3018F/Jasper/Practical/Photos/Grass/NE/IMG_3403.JPG","Grass/NE/IMG_3403.JPG"
"3","/Users/jasper/Desktop/BIO3018F/Jasper/Practical/Photos/Grass/NE/IMG_3404.JPG","Grass/NE/IMG_3404.JPG"
"4","/Users/jasper/Desktop/BIO3018F/Jasper/Practical/Photos/Grass/NE/IMG_3405.JPG","Grass/NE/IMG_3405.JPG"
"5","/Users/jasper/Desktop/BIO3018F/Jasper/Practical/Photos/Grass/NE/IMG_3407.JPG","Grass/NE/IMG_3407.JPG"
"6","/Users/jasper/Desktop/BIO3018F/Jasper/Practical/Photos/Grass/NE/IMG_3408.JPG","Grass/NE/IMG_3408.JPG"
"7","/Users/jasper/Desktop/BIO3018F/Jasper/Practical/Photos/Grass/NE/IMG_3409.JPG","Grass/NE/IMG_3409.JPG"
"8","/Users/jasper/Desktop/BIO3018F/Jasper/Practical/Photos/Grass/NE/IMG_3410.JPG","Grass/NE/IMG_3410.JPG"
"9","/Users/jasper/Desktop/BIO3018F/Jasper/Practical/Photos/Grass/NE/IMG_3411.JPG","Grass/NE/IMG_3411.JPG"
"10","/Users/jasper/Desktop/BIO3018F/Jasper/Practical/Photos/Grass/NW/IMG_20230126_142113.jpg","Grass/NW/IMG_20230126_142113.jpg"
"11","/Users/jasper/Desktop/BIO3018F/Jasper/Practical/Photos/Grass/NW/IMG_20230126_142154.jpg","Grass/NW/IMG_20230126_142154.jpg"
"12","/Users/jasper/Desktop/BIO3018F/Jasper/Practical/Photos/Grass/NW/IMG_20230126_142159.jpg","Grass/NW/IMG_20230126_142159.jpg"
"13","/Users/jasper/Desktop/BIO3018F/Jasper/Practical/Photos/Grass/NW/IMG_20230126_142252.jpg","Grass/NW/IMG_20230126_142252.jpg"
"14","/Users/jasper/Desktop/BIO3018F/Jasper/Practical/Photos/Grass/NW/NW grass/20230126_135547.jpg","Grass/NW/NW grass/20230126_135547.jpg"
"15","/Users/jasper/Desktop/BIO3018F/Jasper/Practical/Photos/Grass/NW/NW grass/20230126_135549.jpg","Grass/NW/NW grass/20230126_135549.jpg"
"16","/Users/jasper/Desktop/BIO3018F/Jasper/Practical/Photos/Grass/NW/NW grass/20230126_135619.jpg","Grass/NW/NW grass/20230126_135619.jpg"
"17","/Users/jasper/Desktop/BIO3018F/Jasper/Practical/Photos/Grass/NW/NW grass/20230126_135957.jpg","Grass/NW/NW grass/20230126_135957.jpg"
"18","/Users/jasper/Desktop/BIO3018F/Jasper/Practical/Photos/Grass/NW/NW grass/20230126_135959.jpg","Grass/NW/NW grass/20230126_135959.jpg"
"19","/Users/jasper/Desktop/BIO3018F/Jasper/Practical/Photos/Grass/NW/NW grass/20230126_140041.jpg","Grass/NW/NW grass/20230126_140041.jpg"
"20","/Users/jasper/Desktop/BIO3018F/Jasper/Practical/Photos/Grass/NW/NW grass/20230126_140249.jpg","Grass/NW/NW grass/20230126_140249.jpg"
"21","/Users/jasper/Desktop/BIO3018F/Jasper/Practical/Photos/Grass/NW/NW grass/20230126_140301.jpg","Grass/NW/NW grass/20230126_140301.jpg"
"22","/Users/jasper/Desktop/BIO3018F/Jasper/Practical/Photos/Grass/NW/NW grass/20230126_140335.jpg","Grass/NW/NW grass/20230126_140335.jpg"
"23","/Users/jasper/Desktop/BIO3018F/Jasper/Practical/Photos/Grass/NW/NW grass/20230126_140336.jpg","Grass/NW/NW grass/20230126_140336.jpg"
"24","/Users/jasper/Desktop/BIO3018F/Jasper/Practical/Photos/Grass/NW/NW grass/20230126_140339.jpg","Grass/NW/NW grass/20230126_140339.jpg"
"25","/Users/jasper/Desktop/BIO3018F/Jasper/Practical/Photos/Grass/NW/NW grass/20230126_141631.jpg","Grass/NW/NW grass/20230126_141631.jpg"
"26","/Users/jasper/Desktop/BIO3018F/Jasper/Practical/Photos/Grass/NW/NW grass/20230126_141638.jpg","Grass/NW/NW grass/20230126_141638.jpg"
"27","/Users/jasper/Desktop/BIO3018F/Jasper/Practical/Photos/Grass/NW/NW grass/20230126_142537.jpg","Grass/NW/NW grass/20230126_142537.jpg"
"28","/Users/jasper/Desktop/BIO3018F/Jasper/Practical/Photos/Grass/NW/NW grass/20230126_142539.jpg","Grass/NW/NW grass/20230126_142539.jpg"
"29","/Users/jasper/Desktop/BIO3018F/Jasper/Practical/Photos/Grass/SE/IMG_9531.jpg","Grass/SE/IMG_9531.jpg"
"30","/Users/jasper/Desktop/BIO3018F/Jasper/Practical/Photos/Grass/SE/IMG_9532.jpg","Grass/SE/IMG_9532.jpg"
"31","/Users/jasper/Desktop/BIO3018F/Jasper/Practical/Photos/Grass/SE/IMG_9533.jpg","Grass/SE/IMG_9533.jpg"
"32","/Users/jasper/Desktop/BIO3018F/Jasper/Practical/Photos/Grass/SE/IMG_9535.jpg","Grass/SE/IMG_9535.jpg"
"33","/Users/jasper/Desktop/BIO3018F/Jasper/Practical/Photos/Grass/SE/IMG_9536.jpg","Grass/SE/IMG_9536.jpg"
"34","/Users/jasper/Desktop/BIO3018F/Jasper/Practical/Photos/Grass/SE/IMG_9537.jpg","Grass/SE/IMG_9537.jpg"
"35","/Users/jasper/Desktop/BIO3018F/Jasper/Practical/Photos/Grass/SE/IMG_9538.jpg","Grass/SE/IMG_9538.jpg"
"36","/Users/jasper/Desktop/BIO3018F/Jasper/Practical/Photos/Grass/SE/IMG_9539.jpg","Grass/SE/IMG_9539.jpg"
"37","/Users/jasper/Desktop/BIO3018F/Jasper/Practical/Photos/Grass/SE/IMG_9540.jpg","Grass/SE/IMG_9540.jpg"
"38","/Users/jasper/Desktop/BIO3018F/Jasper/Practical/Photos/Grass/SE/IMG_9541.jpg","Grass/SE/IMG_9541.jpg"
"39","/Users/jasper/Desktop/BIO3018F/Jasper/Practical/Photos/Grass/SE/IMG_9543.jpg","Grass/SE/IMG_9543.jpg"
"40","/Users/jasper/Desktop/BIO3018F/Jasper/Practical/Photos/Grass/SE/IMG_9544.jpg","Grass/SE/IMG_9544.jpg"
"41","/Users/jasper/Desktop/BIO3018F/Jasper/Practical/Photos/Grass/SE/IMG_9545.jpg","Grass/SE/IMG_9545.jpg"
"42","/Users/jasper/Desktop/BIO3018F/Jasper/Practical/Photos/Grass/SW/20230126_140336.jpg","Grass/SW/20230126_140336.jpg"
"43","/Users/jasper/Desktop/BIO3018F/Jasper/Practical/Photos/Grass/SW/20230126_140541.jpg","Grass/SW/20230126_140541.jpg"
"44","/Users/jasper/Desktop/BIO3018F/Jasper/Practical/Photos/Grass/SW/20230126_140545.jpg","Grass/SW/20230126_140545.jpg"
"45","/Users/jasper/Desktop/BIO3018F/Jasper/Practical/Photos/Grass/SW/20230126_140648.jpg","Grass/SW/20230126_140648.jpg"
"46","/Users/jasper/Desktop/BIO3018F/Jasper/Practical/Photos/Grass/SW/20230126_140651.jpg","Grass/SW/20230126_140651.jpg"
"47","/Users/jasper/Desktop/BIO3018F/Jasper/Practical/Photos/Grass/SW/20230126_141027.jpg","Grass/SW/20230126_141027.jpg"
"48","/Users/jasper/Desktop/BIO3018F/Jasper/Practical/Photos/Grass/SW/20230126_141032.jpg","Grass/SW/20230126_141032.jpg"
"49","/Users/jasper/Desktop/BIO3018F/Jasper/Practical/Photos/Grass/SW/20230126_141038.jpg","Grass/SW/20230126_141038.jpg"
"50","/Users/jasper/Desktop/BIO3018F/Jasper/Practical/Photos/Grass/SW/20230126_141106.jpg","Grass/SW/20230126_141106.jpg"
"51","/Users/jasper/Desktop/BIO3018F/Jasper/Practical/Photos/Grass/SW/20230126_141112.jpg","Grass/SW/20230126_141112.jpg"
"52","/Users/jasper/Desktop/BIO3018F/Jasper/Practical/Photos/Grass/SW/20230126_141122.jpg","Grass/SW/20230126_141122.jpg"
"53","/Users/jasper/Desktop/BIO3018F/Jasper/Practical/Photos/Grass/SW/20230126_141253.jpg","Grass/SW/20230126_141253.jpg"
"54","/Users/jasper/Desktop/BIO3018F/Jasper/Practical/Photos/Grass/SW/20230126_141256.jpg","Grass/SW/20230126_141256.jpg"
"55","/Users/jasper/Desktop/BIO3018F/Jasper/Practical/Photos/Grass/SW/20230126_141259.jpg","Grass/SW/20230126_141259.jpg"
"56","/Users/jasper/Desktop/BIO3018F/Jasper/Practical/Photos/Grass/SW/20230126_141358.jpg","Grass/SW/20230126_141358.jpg"
"57","/Users/jasper/Desktop/BIO3018F/Jasper/Practical/Photos/Grass/SW/20230126_141402.jpg","Grass/SW/20230126_141402.jpg"
"58","/Users/jasper/Desktop/BIO3018F/Jasper/Practical/Photos/Grass/SW/20230126_141505.jpg","Grass/SW/20230126_141505.jpg"
"59","/Users/jasper/Desktop/BIO3018F/Jasper/Practical/Photos/Grass/SW/20230126_141516.jpg","Grass/SW/20230126_141516.jpg"
"60","/Users/jasper/Desktop/BIO3018F/Jasper/Practical/Photos/Grass/SW/20230126_141526.jpg","Grass/SW/20230126_141526.jpg"
"61","/Users/jasper/Desktop/BIO3018F/Jasper/Practical/Photos/Grass/SW/20230126_141534.jpg","Grass/SW/20230126_141534.jpg"
"62","/Users/jasper/Desktop/BIO3018F/Jasper/Practical/Photos/Grass/SW/20230126_141538.jpg","Grass/SW/20230126_141538.jpg"
"63","/Users/jasper/Desktop/BIO3018F/Jasper/Practical/Photos/Grass/SW/20230126_141548.jpg","Grass/SW/20230126_141548.jpg"
"64","/Users/jasper/Desktop/BIO3018F/Jasper/Practical/Photos/Grass/SW/20230126_141552.jpg","Grass/SW/20230126_141552.jpg"
"65","/Users/jasper/Desktop/BIO3018F/Jasper/Practical/Photos/Grass/SW/20230126_141557.jpg","Grass/SW/20230126_141557.jpg"
"66","/Users/jasper/Desktop/BIO3018F/Jasper/Practical/Photos/Grass/SW/20230126_141610.jpg","Grass/SW/20230126_141610.jpg"
"67","/Users/jasper/Desktop/BIO3018F/Jasper/Practical/Photos/Grass/SW/20230126_141625.jpg","Grass/SW/20230126_141625.jpg"
"68","/Users/jasper/Desktop/BIO3018F/Jasper/Practical/Photos/Grass/SW/20230126_141629.jpg","Grass/SW/20230126_141629.jpg"
"69","/Users/jasper/Desktop/BIO3018F/Jasper/Practical/Photos/Grass/SW/20230126_141631.jpg","Grass/SW/20230126_141631.jpg"
"70","/Users/jasper/Desktop/BIO3018F/Jasper/Practical/Photos/Grass/SW/20230126_141713.jpg","Grass/SW/20230126_141713.jpg"
"71","/Users/jasper/Desktop/BIO3018F/Jasper/Practical/Photos/Invasion/NE/IMG_3436.JPG","Invasion/NE/IMG_3436.JPG"
"72","/Users/jasper/Desktop/BIO3018F/Jasper/Practical/Photos/Invasion/NE/IMG_3437.JPG","Invasion/NE/IMG_3437.JPG"
"73","/Users/jasper/Desktop/BIO3018F/Jasper/Practical/Photos/Invasion/NE/IMG_3438.JPG","Invasion/NE/IMG_3438.JPG"
"74","/Users/jasper/Desktop/BIO3018F/Jasper/Practical/Photos/Invasion/NE/IMG_3439.JPG","Invasion/NE/IMG_3439.JPG"
"75","/Users/jasper/Desktop/BIO3018F/Jasper/Practical/Photos/Invasion/NE/IMG_3440.JPG","Invasion/NE/IMG_3440.JPG"
"76","/Users/jasper/Desktop/BIO3018F/Jasper/Practical/Photos/Invasion/NE/IMG_3441.JPG","Invasion/NE/IMG_3441.JPG"
"77","/Users/jasper/Desktop/BIO3018F/Jasper/Practical/Photos/Invasion/NE/IMG_3442.JPG","Invasion/NE/IMG_3442.JPG"
"78","/Users/jasper/Desktop/BIO3018F/Jasper/Practical/Photos/Invasion/NE/IMG_3443.JPG","Invasion/NE/IMG_3443.JPG"
"79","/Users/jasper/Desktop/BIO3018F/Jasper/Practical/Photos/Invasion/NE/IMG_3444.JPG","Invasion/NE/IMG_3444.JPG"
"80","/Users/jasper/Desktop/BIO3018F/Jasper/Practical/Photos/Invasion/NE/IMG_3445.JPG","Invasion/NE/IMG_3445.JPG"
"81","/Users/jasper/Desktop/BIO3018F/Jasper/Practical/Photos/Invasion/NE/IMG_3446.JPG","Invasion/NE/IMG_3446.JPG"
"82","/Users/jasper/Desktop/BIO3018F/Jasper/Practical/Photos/Invasion/NE/IMG_3447.JPG","Invasion/NE/IMG_3447.JPG"
"83","/Users/jasper/Desktop/BIO3018F/Jasper/Practical/Photos/Invasion/NE/IMG_3448.JPG","Invasion/NE/IMG_3448.JPG"
"84","/Users/jasper/Desktop/BIO3018F/Jasper/Practical/Photos/Invasion/NE/IMG_3449.JPG","Invasion/NE/IMG_3449.JPG"
"85","/Users/jasper/Desktop/BIO3018F/Jasper/Practical/Photos/Invasion/NE/IMG_3450.JPG","Invasion/NE/IMG_3450.JPG"
"86","/Users/jasper/Desktop/BIO3018F/Jasper/Practical/Photos/Invasion/NE/IMG_3451.JPG","Invasion/NE/IMG_3451.JPG"
"87","/Users/jasper/Desktop/BIO3018F/Jasper/Practical/Photos/Invasion/NE/IMG_3452.JPG","Invasion/NE/IMG_3452.JPG"
"88","/Users/jasper/Desktop/BIO3018F/Jasper/Practical/Photos/Invasion/NE/IMG_3453.JPG","Invasion/NE/IMG_3453.JPG"
"89","/Users/jasper/Desktop/BIO3018F/Jasper/Practical/Photos/Invasion/NE/IMG_3454.JPG","Invasion/NE/IMG_3454.JPG"
"90","/Users/jasper/Desktop/BIO3018F/Jasper/Practical/Photos/Invasion/NE/IMG_3455.JPG","Invasion/NE/IMG_3455.JPG"
"91","/Users/jasper/Desktop/BIO3018F/Jasper/Practical/Photos/Invasion/NE/IMG_3456.JPG","Invasion/NE/IMG_3456.JPG"
"92","/Users/jasper/Desktop/BIO3018F/Jasper/Practical/Photos/Invasion/NE/IMG_3457.JPG","Invasion/NE/IMG_3457.JPG"
"93","/Users/jasper/Desktop/BIO3018F/Jasper/Practical/Photos/Invasion/NE/IMG_3458.JPG","Invasion/NE/IMG_3458.JPG"
"94","/Users/jasper/Desktop/BIO3018F/Jasper/Practical/Photos/Invasion/NE/IMG_3459.JPG","Invasion/NE/IMG_3459.JPG"
"95","/Users/jasper/Desktop/BIO3018F/Jasper/Practical/Photos/Invasion/NE/IMG_3460.JPG","Invasion/NE/IMG_3460.JPG"
"96","/Users/jasper/Desktop/BIO3018F/Jasper/Practical/Photos/Invasion/NE/IMG_3461.JPG","Invasion/NE/IMG_3461.JPG"
"97","/Users/jasper/Desktop/BIO3018F/Jasper/Practical/Photos/Invasion/NE/IMG_3462.JPG","Invasion/NE/IMG_3462.JPG"
"98","/Users/jasper/Desktop/BIO3018F/Jasper/Practical/Photos/Invasion/NW/IMG_20230126_163622.jpg","Invasion/NW/IMG_20230126_163622.jpg"
"99","/Users/jasper/Desktop/BIO3018F/Jasper/Practical/Photos/Invasion/NW/IMG_20230126_163651.jpg","Invasion/NW/IMG_20230126_163651.jpg"
"100","/Users/jasper/Desktop/BIO3018F/Jasper/Practical/Photos/Invasion/NW/NW invasion/20230126_161422.jpg","Invasion/NW/NW invasion/20230126_161422.jpg"
"101","/Users/jasper/Desktop/BIO3018F/Jasper/Practical/Photos/Invasion/NW/NW invasion/20230126_161425.jpg","Invasion/NW/NW invasion/20230126_161425.jpg"
"102","/Users/jasper/Desktop/BIO3018F/Jasper/Practical/Photos/Invasion/NW/NW invasion/20230126_161723.jpg","Invasion/NW/NW invasion/20230126_161723.jpg"
"103","/Users/jasper/Desktop/BIO3018F/Jasper/Practical/Photos/Invasion/NW/NW invasion/20230126_161745.jpg","Invasion/NW/NW invasion/20230126_161745.jpg"
"104","/Users/jasper/Desktop/BIO3018F/Jasper/Practical/Photos/Invasion/NW/NW invasion/20230126_161748.jpg","Invasion/NW/NW invasion/20230126_161748.jpg"
"105","/Users/jasper/Desktop/BIO3018F/Jasper/Practical/Photos/Invasion/NW/NW invasion/20230126_161756.jpg","Invasion/NW/NW invasion/20230126_161756.jpg"
"106","/Users/jasper/Desktop/BIO3018F/Jasper/Practical/Photos/Invasion/NW/NW invasion/20230126_161818.jpg","Invasion/NW/NW invasion/20230126_161818.jpg"
"107","/Users/jasper/Desktop/BIO3018F/Jasper/Practical/Photos/Invasion/NW/NW invasion/20230126_161828.jpg","Invasion/NW/NW invasion/20230126_161828.jpg"
"108","/Users/jasper/Desktop/BIO3018F/Jasper/Practical/Photos/Invasion/NW/NW invasion/20230126_162335.jpg","Invasion/NW/NW invasion/20230126_162335.jpg"
"109","/Users/jasper/Desktop/BIO3018F/Jasper/Practical/Photos/Invasion/NW/NW invasion/20230126_162350.jpg","Invasion/NW/NW invasion/20230126_162350.jpg"
"110","/Users/jasper/Desktop/BIO3018F/Jasper/Practical/Photos/Invasion/NW/NW invasion/20230126_162356.jpg","Invasion/NW/NW invasion/20230126_162356.jpg"
"111","/Users/jasper/Desktop/BIO3018F/Jasper/Practical/Photos/Invasion/NW/NW invasion/20230126_162400.jpg","Invasion/NW/NW invasion/20230126_162400.jpg"
"112","/Users/jasper/Desktop/BIO3018F/Jasper/Practical/Photos/Invasion/NW/NW invasion/20230126_163311.jpg","Invasion/NW/NW invasion/20230126_163311.jpg"
"113","/Users/jasper/Desktop/BIO3018F/Jasper/Practical/Photos/Invasion/NW/NW invasion/20230126_163313.jpg","Invasion/NW/NW invasion/20230126_163313.jpg"
"114","/Users/jasper/Desktop/BIO3018F/Jasper/Practical/Photos/Invasion/NW/NW invasion/20230126_163317.jpg","Invasion/NW/NW invasion/20230126_163317.jpg"
"115","/Users/jasper/Desktop/BIO3018F/Jasper/Practical/Photos/Invasion/NW/NW invasion/20230126_163603.jpg","Invasion/NW/NW invasion/20230126_163603.jpg"
"116","/Users/jasper/Desktop/BIO3018F/Jasper/Practical/Photos/Invasion/NW/NW invasion/20230126_163606.jpg","Invasion/NW/NW invasion/20230126_163606.jpg"
"117","/Users/jasper/Desktop/BIO3018F/Jasper/Practical/Photos/Invasion/NW/NW invasion/20230126_163923.jpg","Invasion/NW/NW invasion/20230126_163923.jpg"
"118","/Users/jasper/Desktop/BIO3018F/Jasper/Practical/Photos/Invasion/SE/IMG_9587.jpg","Invasion/SE/IMG_9587.jpg"
"119","/Users/jasper/Desktop/BIO3018F/Jasper/Practical/Photos/Invasion/SE/IMG_9588.jpg","Invasion/SE/IMG_9588.jpg"
"120","/Users/jasper/Desktop/BIO3018F/Jasper/Practical/Photos/Invasion/SE/IMG_9589.jpg","Invasion/SE/IMG_9589.jpg"
"121","/Users/jasper/Desktop/BIO3018F/Jasper/Practical/Photos/Invasion/SE/IMG_9590.jpg","Invasion/SE/IMG_9590.jpg"
"122","/Users/jasper/Desktop/BIO3018F/Jasper/Practical/Photos/Invasion/SE/IMG_9591.jpg","Invasion/SE/IMG_9591.jpg"
"123","/Users/jasper/Desktop/BIO3018F/Jasper/Practical/Photos/Invasion/SE/IMG_9592.jpg","Invasion/SE/IMG_9592.jpg"
"124","/Users/jasper/Desktop/BIO3018F/Jasper/Practical/Photos/Invasion/SE/IMG_9593.jpg","Invasion/SE/IMG_9593.jpg"
"125","/Users/jasper/Desktop/BIO3018F/Jasper/Practical/Photos/Invasion/SE/IMG_9594.jpg","Invasion/SE/IMG_9594.jpg"
"126","/Users/jasper/Desktop/BIO3018F/Jasper/Practical/Photos/Invasion/SE/IMG_9595.jpg","Invasion/SE/IMG_9595.jpg"
"127","/Users/jasper/Desktop/BIO3018F/Jasper/Practical/Photos/Invasion/SE/IMG_9596.jpg","Invasion/SE/IMG_9596.jpg"
"128","/Users/jasper/Desktop/BIO3018F/Jasper/Practical/Photos/Invasion/SE/IMG_9597.jpg","Invasion/SE/IMG_9597.jpg"
"129","/Users/jasper/Desktop/BIO3018F/Jasper/Practical/Photos/Invasion/SE/IMG_9598.jpg","Invasion/SE/IMG_9598.jpg"
"130","/Users/jasper/Desktop/BIO3018F/Jasper/Practical/Photos/Invasion/SE/IMG_9599.jpg","Invasion/SE/IMG_9599.jpg"
"131","/Users/jasper/Desktop/BIO3018F/Jasper/Practical/Photos/Invasion/SE/IMG_9600.jpg","Invasion/SE/IMG_9600.jpg"
"132","/Users/jasper/Desktop/BIO3018F/Jasper/Practical/Photos/Invasion/SE/IMG_9601.jpg","Invasion/SE/IMG_9601.jpg"
"133","/Users/jasper/Desktop/BIO3018F/Jasper/Practical/Photos/Invasion/SE/IMG_9602.jpg","Invasion/SE/IMG_9602.jpg"
"134","/Users/jasper/Desktop/BIO3018F/Jasper/Practical/Photos/Invasion/SE/IMG_9603.jpg","Invasion/SE/IMG_9603.jpg"
"135","/Users/jasper/Desktop/BIO3018F/Jasper/Practical/Photos/Invasion/SE/IMG_9604.jpg","Invasion/SE/IMG_9604.jpg"
"136","/Users/jasper/Desktop/BIO3018F/Jasper/Practical/Photos/Invasion/SE/IMG_9605.jpg","Invasion/SE/IMG_9605.jpg"
"137","/Users/jasper/Desktop/BIO3018F/Jasper/Practical/Photos/Invasion/SE/IMG_9606.jpg","Invasion/SE/IMG_9606.jpg"
"138","/Users/jasper/Desktop/BIO3018F/Jasper/Practical/Photos/Invasion/SE/IMG_9607.jpg","Invasion/SE/IMG_9607.jpg"
"139","/Users/jasper/Desktop/BIO3018F/Jasper/Practical/Photos/Invasion/SE/IMG_9609.jpg","Invasion/SE/IMG_9609.jpg"
"140","/Users/jasper/Desktop/BIO3018F/Jasper/Practical/Photos/Invasion/SE/IMG_9610.jpg","Invasion/SE/IMG_9610.jpg"
"141","/Users/jasper/Desktop/BIO3018F/Jasper/Practical/Photos/Invasion/SE/IMG_9611.jpg","Invasion/SE/IMG_9611.jpg"
"142","/Users/jasper/Desktop/BIO3018F/Jasper/Practical/Photos/Invasion/SE/IMG_9612.jpg","Invasion/SE/IMG_9612.jpg"
"143","/Users/jasper/Desktop/BIO3018F/Jasper/Practical/Photos/Invasion/SE/IMG_9613.jpg","Invasion/SE/IMG_9613.jpg"
"144","/Users/jasper/Desktop/BIO3018F/Jasper/Practical/Photos/Invasion/SE/IMG_9614.jpg","Invasion/SE/IMG_9614.jpg"
"145","/Users/jasper/Desktop/BIO3018F/Jasper/Practical/Photos/Renosterveld/NE/IMG_3414.JPG","Renosterveld/NE/IMG_3414.JPG"
"146","/Users/jasper/Desktop/BIO3018F/Jasper/Practical/Photos/Renosterveld/NE/IMG_3415.JPG","Renosterveld/NE/IMG_3415.JPG"
"147","/Users/jasper/Desktop/BIO3018F/Jasper/Practical/Photos/Renosterveld/NE/IMG_3416.JPG","Renosterveld/NE/IMG_3416.JPG"
"148","/Users/jasper/Desktop/BIO3018F/Jasper/Practical/Photos/Renosterveld/NE/IMG_3417.JPG","Renosterveld/NE/IMG_3417.JPG"
"149","/Users/jasper/Desktop/BIO3018F/Jasper/Practical/Photos/Renosterveld/NE/IMG_3418.JPG","Renosterveld/NE/IMG_3418.JPG"
"150","/Users/jasper/Desktop/BIO3018F/Jasper/Practical/Photos/Renosterveld/NE/IMG_3419.JPG","Renosterveld/NE/IMG_3419.JPG"
"151","/Users/jasper/Desktop/BIO3018F/Jasper/Practical/Photos/Renosterveld/NE/IMG_3420.JPG","Renosterveld/NE/IMG_3420.JPG"
"152","/Users/jasper/Desktop/BIO3018F/Jasper/Practical/Photos/Renosterveld/NE/IMG_3421.JPG","Renosterveld/NE/IMG_3421.JPG"
"153","/Users/jasper/Desktop/BIO3018F/Jasper/Practical/Photos/Renosterveld/NE/IMG_3422.JPG","Renosterveld/NE/IMG_3422.JPG"
"154","/Users/jasper/Desktop/BIO3018F/Jasper/Practical/Photos/Renosterveld/NE/IMG_3423.JPG","Renosterveld/NE/IMG_3423.JPG"
"155","/Users/jasper/Desktop/BIO3018F/Jasper/Practical/Photos/Renosterveld/NE/IMG_3424.JPG","Renosterveld/NE/IMG_3424.JPG"
"156","/Users/jasper/Desktop/BIO3018F/Jasper/Practical/Photos/Renosterveld/NE/IMG_3425.JPG","Renosterveld/NE/IMG_3425.JPG"
"157","/Users/jasper/Desktop/BIO3018F/Jasper/Practical/Photos/Renosterveld/NE/IMG_3426.JPG","Renosterveld/NE/IMG_3426.JPG"
"158","/Users/jasper/Desktop/BIO3018F/Jasper/Practical/Photos/Renosterveld/NE/IMG_3427.JPG","Renosterveld/NE/IMG_3427.JPG"
"159","/Users/jasper/Desktop/BIO3018F/Jasper/Practical/Photos/Renosterveld/NE/IMG_3428.JPG","Renosterveld/NE/IMG_3428.JPG"
"160","/Users/jasper/Desktop/BIO3018F/Jasper/Practical/Photos/Renosterveld/NE/IMG_3429.JPG","Renosterveld/NE/IMG_3429.JPG"
"161","/Users/jasper/Desktop/BIO3018F/Jasper/Practical/Photos/Renosterveld/NE/IMG_3430.JPG","Renosterveld/NE/IMG_3430.JPG"
"162","/Users/jasper/Desktop/BIO3018F/Jasper/Practical/Photos/Renosterveld/NE/IMG_3431.JPG","Renosterveld/NE/IMG_3431.JPG"
"163","/Users/jasper/Desktop/BIO3018F/Jasper/Practical/Photos/Renosterveld/NE/IMG_3432.JPG","Renosterveld/NE/IMG_3432.JPG"
"164","/Users/jasper/Desktop/BIO3018F/Jasper/Practical/Photos/Renosterveld/NE/IMG_3433.JPG","Renosterveld/NE/IMG_3433.JPG"
"165","/Users/jasper/Desktop/BIO3018F/Jasper/Practical/Photos/Renosterveld/NE/IMG_3434.JPG","Renosterveld/NE/IMG_3434.JPG"
"166","/Users/jasper/Desktop/BIO3018F/Jasper/Practical/Photos/Renosterveld/NE/IMG_3435.JPG","Renosterveld/NE/IMG_3435.JPG"
"167","/Users/jasper/Desktop/BIO3018F/Jasper/Practical/Photos/Renosterveld/NW/IMG_20230126_151958.jpg","Renosterveld/NW/IMG_20230126_151958.jpg"
"168","/Users/jasper/Desktop/BIO3018F/Jasper/Practical/Photos/Renosterveld/NW/IMG_20230126_152002.jpg","Renosterveld/NW/IMG_20230126_152002.jpg"
"169","/Users/jasper/Desktop/BIO3018F/Jasper/Practical/Photos/Renosterveld/NW/IMG_20230126_152039.jpg","Renosterveld/NW/IMG_20230126_152039.jpg"
"170","/Users/jasper/Desktop/BIO3018F/Jasper/Practical/Photos/Renosterveld/NW/IMG_20230126_152050.jpg","Renosterveld/NW/IMG_20230126_152050.jpg"
"171","/Users/jasper/Desktop/BIO3018F/Jasper/Practical/Photos/Renosterveld/NW/IMG_20230126_152135.jpg","Renosterveld/NW/IMG_20230126_152135.jpg"
"172","/Users/jasper/Desktop/BIO3018F/Jasper/Practical/Photos/Renosterveld/NW/IMG_20230126_152316.jpg","Renosterveld/NW/IMG_20230126_152316.jpg"
"173","/Users/jasper/Desktop/BIO3018F/Jasper/Practical/Photos/Renosterveld/NW/IMG_20230126_152320.jpg","Renosterveld/NW/IMG_20230126_152320.jpg"
"174","/Users/jasper/Desktop/BIO3018F/Jasper/Practical/Photos/Renosterveld/NW/IMG_20230126_152323.jpg","Renosterveld/NW/IMG_20230126_152323.jpg"
"175","/Users/jasper/Desktop/BIO3018F/Jasper/Practical/Photos/Renosterveld/NW/IMG_20230126_152426.jpg","Renosterveld/NW/IMG_20230126_152426.jpg"
"176","/Users/jasper/Desktop/BIO3018F/Jasper/Practical/Photos/Renosterveld/NW/NW renosterbos/20230126_145709.jpg","Renosterveld/NW/NW renosterbos/20230126_145709.jpg"
"177","/Users/jasper/Desktop/BIO3018F/Jasper/Practical/Photos/Renosterveld/NW/NW renosterbos/20230126_145713.jpg","Renosterveld/NW/NW renosterbos/20230126_145713.jpg"
"178","/Users/jasper/Desktop/BIO3018F/Jasper/Practical/Photos/Renosterveld/NW/NW renosterbos/20230126_150151.jpg","Renosterveld/NW/NW renosterbos/20230126_150151.jpg"
"179","/Users/jasper/Desktop/BIO3018F/Jasper/Practical/Photos/Renosterveld/NW/NW renosterbos/20230126_150307.jpg","Renosterveld/NW/NW renosterbos/20230126_150307.jpg"
"180","/Users/jasper/Desktop/BIO3018F/Jasper/Practical/Photos/Renosterveld/NW/NW renosterbos/20230126_150531.jpg","Renosterveld/NW/NW renosterbos/20230126_150531.jpg"
"181","/Users/jasper/Desktop/BIO3018F/Jasper/Practical/Photos/Renosterveld/NW/NW renosterbos/20230126_150534.jpg","Renosterveld/NW/NW renosterbos/20230126_150534.jpg"
"182","/Users/jasper/Desktop/BIO3018F/Jasper/Practical/Photos/Renosterveld/NW/NW renosterbos/20230126_150935.jpg","Renosterveld/NW/NW renosterbos/20230126_150935.jpg"
"183","/Users/jasper/Desktop/BIO3018F/Jasper/Practical/Photos/Renosterveld/NW/NW renosterbos/20230126_151301.jpg","Renosterveld/NW/NW renosterbos/20230126_151301.jpg"
"184","/Users/jasper/Desktop/BIO3018F/Jasper/Practical/Photos/Renosterveld/NW/NW renosterbos/20230126_151547.jpg","Renosterveld/NW/NW renosterbos/20230126_151547.jpg"
"185","/Users/jasper/Desktop/BIO3018F/Jasper/Practical/Photos/Renosterveld/NW/NW renosterbos/20230126_151554.jpg","Renosterveld/NW/NW renosterbos/20230126_151554.jpg"
"186","/Users/jasper/Desktop/BIO3018F/Jasper/Practical/Photos/Renosterveld/NW/NW renosterbos/20230126_151938.jpg","Renosterveld/NW/NW renosterbos/20230126_151938.jpg"
"187","/Users/jasper/Desktop/BIO3018F/Jasper/Practical/Photos/Renosterveld/NW/NW renosterbos/20230126_151940.jpg","Renosterveld/NW/NW renosterbos/20230126_151940.jpg"
"188","/Users/jasper/Desktop/BIO3018F/Jasper/Practical/Photos/Renosterveld/NW/NW renosterbos/20230126_151959.jpg","Renosterveld/NW/NW renosterbos/20230126_151959.jpg"
"189","/Users/jasper/Desktop/BIO3018F/Jasper/Practical/Photos/Renosterveld/NW/NW renosterbos/20230126_152003.jpg","Renosterveld/NW/NW renosterbos/20230126_152003.jpg"
"190","/Users/jasper/Desktop/BIO3018F/Jasper/Practical/Photos/Renosterveld/NW/NW renosterbos/20230126_152025.jpg","Renosterveld/NW/NW renosterbos/20230126_152025.jpg"
"191","/Users/jasper/Desktop/BIO3018F/Jasper/Practical/Photos/Renosterveld/NW/NW renosterbos/20230126_152028.jpg","Renosterveld/NW/NW renosterbos/20230126_152028.jpg"
"192","/Users/jasper/Desktop/BIO3018F/Jasper/Practical/Photos/Renosterveld/NW/NW renosterbos/20230126_152128.jpg","Renosterveld/NW/NW renosterbos/20230126_152128.jpg"
"193","/Users/jasper/Desktop/BIO3018F/Jasper/Practical/Photos/Renosterveld/NW/NW renosterbos/20230126_152135.jpg","Renosterveld/NW/NW renosterbos/20230126_152135.jpg"
"194","/Users/jasper/Desktop/BIO3018F/Jasper/Practical/Photos/Renosterveld/SE/IMG_9546.jpg","Renosterveld/SE/IMG_9546.jpg"
"195","/Users/jasper/Desktop/BIO3018F/Jasper/Practical/Photos/Renosterveld/SE/IMG_9547.jpg","Renosterveld/SE/IMG_9547.jpg"
"196","/Users/jasper/Desktop/BIO3018F/Jasper/Practical/Photos/Renosterveld/SE/IMG_9548.jpg","Renosterveld/SE/IMG_9548.jpg"
"197","/Users/jasper/Desktop/BIO3018F/Jasper/Practical/Photos/Renosterveld/SE/IMG_9549.jpg","Renosterveld/SE/IMG_9549.jpg"
"198","/Users/jasper/Desktop/BIO3018F/Jasper/Practical/Photos/Renosterveld/SE/IMG_9550.jpg","Renosterveld/SE/IMG_9550.jpg"
"199","/Users/jasper/Desktop/BIO3018F/Jasper/Practical/Photos/Renosterveld/SE/IMG_9554.jpg","Renosterveld/SE/IMG_9554.jpg"
"200","/Users/jasper/Desktop/BIO3018F/Jasper/Practical/Photos/Renosterveld/SE/IMG_9555.jpg","Renosterveld/SE/IMG_9555.jpg"
"201","/Users/jasper/Desktop/BIO3018F/Jasper/Practical/Photos/Renosterveld/SE/IMG_9556.jpg","Renosterveld/SE/IMG_9556.jpg"
"202","/Users/jasper/Desktop/BIO3018F/Jasper/Practical/Photos/Renosterveld/SE/IMG_9557.jpg","Renosterveld/SE/IMG_9557.jpg"
"203","/Users/jasper/Desktop/BIO3018F/Jasper/Practical/Photos/Renosterveld/SE/IMG_9558.jpg","Renosterveld/SE/IMG_9558.jpg"
"204","/Users/jasper/Desktop/BIO3018F/Jasper/Practical/Photos/Renosterveld/SE/IMG_9559.jpg","Renosterveld/SE/IMG_9559.jpg"
"205","/Users/jasper/Desktop/BIO3018F/Jasper/Practical/Photos/Renosterveld/SE/IMG_9560.jpg","Renosterveld/SE/IMG_9560.jpg"
"206","/Users/jasper/Desktop/BIO3018F/Jasper/Practical/Photos/Renosterveld/SE/IMG_9561.jpg","Renosterveld/SE/IMG_9561.jpg"
"207","/Users/jasper/Desktop/BIO3018F/Jasper/Practical/Photos/Renosterveld/SE/IMG_9562.jpg","Renosterveld/SE/IMG_9562.jpg"
"208","/Users/jasper/Desktop/BIO3018F/Jasper/Practical/Photos/Renosterveld/SE/IMG_9565.jpg","Renosterveld/SE/IMG_9565.jpg"
"209","/Users/jasper/Desktop/BIO3018F/Jasper/Practical/Photos/Renosterveld/SE/IMG_9566.jpg","Renosterveld/SE/IMG_9566.jpg"
"210","/Users/jasper/Desktop/BIO3018F/Jasper/Practical/Photos/Renosterveld/SE/IMG_9567.jpg","Renosterveld/SE/IMG_9567.jpg"
"211","/Users/jasper/Desktop/BIO3018F/Jasper/Practical/Photos/Renosterveld/SE/IMG_9568.jpg","Renosterveld/SE/IMG_9568.jpg"
"212","/Users/jasper/Desktop/BIO3018F/Jasper/Practical/Photos/Renosterveld/SE/IMG_9569.jpg","Renosterveld/SE/IMG_9569.jpg"
"213","/Users/jasper/Desktop/BIO3018F/Jasper/Practical/Photos/Renosterveld/SE/IMG_9570.jpg","Renosterveld/SE/IMG_9570.jpg"
"214","/Users/jasper/Desktop/BIO3018F/Jasper/Practical/Photos/Renosterveld/SE/IMG_9572.jpg","Renosterveld/SE/IMG_9572.jpg"
"215","/Users/jasper/Desktop/BIO3018F/Jasper/Practical/Photos/Renosterveld/SE/IMG_9573.jpg","Renosterveld/SE/IMG_9573.jpg"
"216","/Users/jasper/Desktop/BIO3018F/Jasper/Practical/Photos/Renosterveld/SE/IMG_9574.jpg","Renosterveld/SE/IMG_9574.jpg"
"217","/Users/jasper/Desktop/BIO3018F/Jasper/Practical/Photos/Renosterveld/SE/IMG_9575.jpg","Renosterveld/SE/IMG_9575.jpg"
"218","/Users/jasper/Desktop/BIO3018F/Jasper/Practical/Photos/Renosterveld/SE/IMG_9576.jpg","Renosterveld/SE/IMG_9576.jpg"
"219","/Users/jasper/Desktop/BIO3018F/Jasper/Practical/Photos/Renosterveld/SE/IMG_9577.jpg","Renosterveld/SE/IMG_9577.jpg"
"220","/Users/jasper/Desktop/BIO3018F/Jasper/Practical/Photos/Renosterveld/SE/IMG_9578.jpg","Renosterveld/SE/IMG_9578.jpg"
"221","/Users/jasper/Desktop/BIO3018F/Jasper/Practical/Photos/Renosterveld/SE/IMG_9579.jpg","Renosterveld/SE/IMG_9579.jpg"
"222","/Users/jasper/Desktop/BIO3018F/Jasper/Practical/Photos/Renosterveld/SE/IMG_9580.jpg","Renosterveld/SE/IMG_9580.jpg"
"223","/Users/jasper/Desktop/BIO3018F/Jasper/Practical/Photos/Renosterveld/SE/IMG_9581.jpg","Renosterveld/SE/IMG_9581.jpg"
"224","/Users/jasper/Desktop/BIO3018F/Jasper/Practical/Photos/Renosterveld/SE/IMG_9582.jpg","Renosterveld/SE/IMG_9582.jpg"
"225","/Users/jasper/Desktop/BIO3018F/Jasper/Practical/Photos/Renosterveld/SW/20230126_145536.jpg","Renosterveld/SW/20230126_145536.jpg"
"226","/Users/jasper/Desktop/BIO3018F/Jasper/Practical/Photos/Renosterveld/SW/20230126_145545.jpg","Renosterveld/SW/20230126_145545.jpg"
"227","/Users/jasper/Desktop/BIO3018F/Jasper/Practical/Photos/Renosterveld/SW/20230126_145614.jpg","Renosterveld/SW/20230126_145614.jpg"
"228","/Users/jasper/Desktop/BIO3018F/Jasper/Practical/Photos/Renosterveld/SW/20230126_145632.jpg","Renosterveld/SW/20230126_145632.jpg"
"229","/Users/jasper/Desktop/BIO3018F/Jasper/Practical/Photos/Renosterveld/SW/20230126_145931.jpg","Renosterveld/SW/20230126_145931.jpg"
"230","/Users/jasper/Desktop/BIO3018F/Jasper/Practical/Photos/Renosterveld/SW/20230126_145934.jpg","Renosterveld/SW/20230126_145934.jpg"
"231","/Users/jasper/Desktop/BIO3018F/Jasper/Practical/Photos/Renosterveld/SW/20230126_145938.jpg","Renosterveld/SW/20230126_145938.jpg"
"232","/Users/jasper/Desktop/BIO3018F/Jasper/Practical/Photos/Renosterveld/SW/20230126_145943.jpg","Renosterveld/SW/20230126_145943.jpg"
"233","/Users/jasper/Desktop/BIO3018F/Jasper/Practical/Photos/Renosterveld/SW/20230126_150021.jpg","Renosterveld/SW/20230126_150021.jpg"
"234","/Users/jasper/Desktop/BIO3018F/Jasper/Practical/Photos/Renosterveld/SW/20230126_150027.jpg","Renosterveld/SW/20230126_150027.jpg"
"235","/Users/jasper/Desktop/BIO3018F/Jasper/Practical/Photos/Renosterveld/SW/20230126_150031.jpg","Renosterveld/SW/20230126_150031.jpg"
"236","/Users/jasper/Desktop/BIO3018F/Jasper/Practical/Photos/Renosterveld/SW/20230126_150039.jpg","Renosterveld/SW/20230126_150039.jpg"
"237","/Users/jasper/Desktop/BIO3018F/Jasper/Practical/Photos/Renosterveld/SW/20230126_150225.jpg","Renosterveld/SW/20230126_150225.jpg"
"238","/Users/jasper/Desktop/BIO3018F/Jasper/Practical/Photos/Renosterveld/SW/20230126_150235.jpg","Renosterveld/SW/20230126_150235.jpg"
"239","/Users/jasper/Desktop/BIO3018F/Jasper/Practical/Photos/Renosterveld/SW/20230126_150848.jpg","Renosterveld/SW/20230126_150848.jpg"
"240","/Users/jasper/Desktop/BIO3018F/Jasper/Practical/Photos/Renosterveld/SW/20230126_150850.jpg","Renosterveld/SW/20230126_150850.jpg"
"241","/Users/jasper/Desktop/BIO3018F/Jasper/Practical/Photos/Renosterveld/SW/20230126_150856.jpg","Renosterveld/SW/20230126_150856.jpg"
"242","/Users/jasper/Desktop/BIO3018F/Jasper/Practical/Photos/Renosterveld/SW/20230126_150859.jpg","Renosterveld/SW/20230126_150859.jpg"
"243","/Users/jasper/Desktop/BIO3018F/Jasper/Practical/Photos/Renosterveld/SW/20230126_151158.jpg","Renosterveld/SW/20230126_151158.jpg"
"244","/Users/jasper/Desktop/BIO3018F/Jasper/Practical/Photos/Renosterveld/SW/20230126_151310.jpg","Renosterveld/SW/20230126_151310.jpg"
"245","/Users/jasper/Desktop/BIO3018F/Jasper/Practical/Photos/Renosterveld/SW/20230126_151314.jpg","Renosterveld/SW/20230126_151314.jpg"
"246","/Users/jasper/Desktop/BIO3018F/Jasper/Practical/Photos/Renosterveld/SW/20230126_151329.jpg","Renosterveld/SW/20230126_151329.jpg"
"247","/Users/jasper/Desktop/BIO3018F/Jasper/Practical/Photos/Renosterveld/SW/20230126_152001.jpg","Renosterveld/SW/20230126_152001.jpg"
"248","/Users/jasper/Desktop/BIO3018F/Jasper/Practical/Photos/Sand/NE/IMG_3467.JPG","Sand/NE/IMG_3467.JPG"
"249","/Users/jasper/Desktop/BIO3018F/Jasper/Practical/Photos/Sand/NE/IMG_3468.JPG","Sand/NE/IMG_3468.JPG"
"250","/Users/jasper/Desktop/BIO3018F/Jasper/Practical/Photos/Sand/NE/IMG_3469.JPG","Sand/NE/IMG_3469.JPG"
"251","/Users/jasper/Desktop/BIO3018F/Jasper/Practical/Photos/Sand/NE/IMG_3470.JPG","Sand/NE/IMG_3470.JPG"
"252","/Users/jasper/Desktop/BIO3018F/Jasper/Practical/Photos/Sand/NE/IMG_3471.JPG","Sand/NE/IMG_3471.JPG"
"253","/Users/jasper/Desktop/BIO3018F/Jasper/Practical/Photos/Sand/NE/IMG_3472.JPG","Sand/NE/IMG_3472.JPG"
"254","/Users/jasper/Desktop/BIO3018F/Jasper/Practical/Photos/Sand/NE/IMG_3473.JPG","Sand/NE/IMG_3473.JPG"
"255","/Users/jasper/Desktop/BIO3018F/Jasper/Practical/Photos/Sand/NE/IMG_3474.JPG","Sand/NE/IMG_3474.JPG"
"256","/Users/jasper/Desktop/BIO3018F/Jasper/Practical/Photos/Sand/NE/IMG_3475.JPG","Sand/NE/IMG_3475.JPG"
"257","/Users/jasper/Desktop/BIO3018F/Jasper/Practical/Photos/Sand/NE/IMG_3476.JPG","Sand/NE/IMG_3476.JPG"
"258","/Users/jasper/Desktop/BIO3018F/Jasper/Practical/Photos/Sand/NE/IMG_3477.JPG","Sand/NE/IMG_3477.JPG"
"259","/Users/jasper/Desktop/BIO3018F/Jasper/Practical/Photos/Sand/NE/IMG_3478.JPG","Sand/NE/IMG_3478.JPG"
"260","/Users/jasper/Desktop/BIO3018F/Jasper/Practical/Photos/Sand/NE/IMG_3479.JPG","Sand/NE/IMG_3479.JPG"
"261","/Users/jasper/Desktop/BIO3018F/Jasper/Practical/Photos/Sand/NE/IMG_3480.JPG","Sand/NE/IMG_3480.JPG"
"262","/Users/jasper/Desktop/BIO3018F/Jasper/Practical/Photos/Sand/NE/IMG_3481.JPG","Sand/NE/IMG_3481.JPG"
"263","/Users/jasper/Desktop/BIO3018F/Jasper/Practical/Photos/Sand/NE/IMG_3482.JPG","Sand/NE/IMG_3482.JPG"
"264","/Users/jasper/Desktop/BIO3018F/Jasper/Practical/Photos/Sand/NE/IMG_3483.JPG","Sand/NE/IMG_3483.JPG"
"265","/Users/jasper/Desktop/BIO3018F/Jasper/Practical/Photos/Sand/NE/IMG_3484.JPG","Sand/NE/IMG_3484.JPG"
"266","/Users/jasper/Desktop/BIO3018F/Jasper/Practical/Photos/Sand/NE/IMG_3485.JPG","Sand/NE/IMG_3485.JPG"
"267","/Users/jasper/Desktop/BIO3018F/Jasper/Practical/Photos/Sand/NE/IMG_3486.JPG","Sand/NE/IMG_3486.JPG"
"268","/Users/jasper/Desktop/BIO3018F/Jasper/Practical/Photos/Sand/NE/IMG_3487.JPG","Sand/NE/IMG_3487.JPG"
"269","/Users/jasper/Desktop/BIO3018F/Jasper/Practical/Photos/Sand/NE/IMG_3488.JPG","Sand/NE/IMG_3488.JPG"
"270","/Users/jasper/Desktop/BIO3018F/Jasper/Practical/Photos/Sand/NE/IMG_3489.JPG","Sand/NE/IMG_3489.JPG"
"271","/Users/jasper/Desktop/BIO3018F/Jasper/Practical/Photos/Sand/NE/IMG_3490.JPG","Sand/NE/IMG_3490.JPG"
"272","/Users/jasper/Desktop/BIO3018F/Jasper/Practical/Photos/Sand/NE/IMG_3491.JPG","Sand/NE/IMG_3491.JPG"
"273","/Users/jasper/Desktop/BIO3018F/Jasper/Practical/Photos/Sand/NE/IMG_3493.JPG","Sand/NE/IMG_3493.JPG"
"274","/Users/jasper/Desktop/BIO3018F/Jasper/Practical/Photos/Sand/NE/IMG_3494.JPG","Sand/NE/IMG_3494.JPG"
"275","/Users/jasper/Desktop/BIO3018F/Jasper/Practical/Photos/Sand/NE/IMG_3495.JPG","Sand/NE/IMG_3495.JPG"
"276","/Users/jasper/Desktop/BIO3018F/Jasper/Practical/Photos/Sand/NE/IMG_3496.JPG","Sand/NE/IMG_3496.JPG"
"277","/Users/jasper/Desktop/BIO3018F/Jasper/Practical/Photos/Sand/NE/IMG_3497.JPG","Sand/NE/IMG_3497.JPG"
"278","/Users/jasper/Desktop/BIO3018F/Jasper/Practical/Photos/Sand/NE/IMG_3498.JPG","Sand/NE/IMG_3498.JPG"
"279","/Users/jasper/Desktop/BIO3018F/Jasper/Practical/Photos/Sand/NE/IMG_3499.JPG","Sand/NE/IMG_3499.JPG"
"280","/Users/jasper/Desktop/BIO3018F/Jasper/Practical/Photos/Sand/NE/IMG_3500.JPG","Sand/NE/IMG_3500.JPG"
"281","/Users/jasper/Desktop/BIO3018F/Jasper/Practical/Photos/Sand/NE/IMG_3501.JPG","Sand/NE/IMG_3501.JPG"
"282","/Users/jasper/Desktop/BIO3018F/Jasper/Practical/Photos/Sand/NE/IMG_3502.JPG","Sand/NE/IMG_3502.JPG"
"283","/Users/jasper/Desktop/BIO3018F/Jasper/Practical/Photos/Sand/NE/IMG_3503.JPG","Sand/NE/IMG_3503.JPG"
"284","/Users/jasper/Desktop/BIO3018F/Jasper/Practical/Photos/Sand/NE/IMG_3504.JPG","Sand/NE/IMG_3504.JPG"
"285","/Users/jasper/Desktop/BIO3018F/Jasper/Practical/Photos/Sand/NE/IMG_3505.JPG","Sand/NE/IMG_3505.JPG"
"286","/Users/jasper/Desktop/BIO3018F/Jasper/Practical/Photos/Sand/NE/IMG_3506.JPG","Sand/NE/IMG_3506.JPG"
"287","/Users/jasper/Desktop/BIO3018F/Jasper/Practical/Photos/Sand/NE/IMG_3507.JPG","Sand/NE/IMG_3507.JPG"
"288","/Users/jasper/Desktop/BIO3018F/Jasper/Practical/Photos/Sand/NE/IMG_3508.JPG","Sand/NE/IMG_3508.JPG"
"289","/Users/jasper/Desktop/BIO3018F/Jasper/Practical/Photos/Sand/NW/IMG_20230126_173434.jpg","Sand/NW/IMG_20230126_173434.jpg"
"290","/Users/jasper/Desktop/BIO3018F/Jasper/Practical/Photos/Sand/NW/IMG_20230126_173442.jpg","Sand/NW/IMG_20230126_173442.jpg"
"291","/Users/jasper/Desktop/BIO3018F/Jasper/Practical/Photos/Sand/NW/NW sand/20230126_171151.jpg","Sand/NW/NW sand/20230126_171151.jpg"
"292","/Users/jasper/Desktop/BIO3018F/Jasper/Practical/Photos/Sand/NW/NW sand/20230126_171153.jpg","Sand/NW/NW sand/20230126_171153.jpg"
"293","/Users/jasper/Desktop/BIO3018F/Jasper/Practical/Photos/Sand/NW/NW sand/20230126_171342.jpg","Sand/NW/NW sand/20230126_171342.jpg"
"294","/Users/jasper/Desktop/BIO3018F/Jasper/Practical/Photos/Sand/NW/NW sand/20230126_171344.jpg","Sand/NW/NW sand/20230126_171344.jpg"
"295","/Users/jasper/Desktop/BIO3018F/Jasper/Practical/Photos/Sand/NW/NW sand/20230126_171354.jpg","Sand/NW/NW sand/20230126_171354.jpg"
"296","/Users/jasper/Desktop/BIO3018F/Jasper/Practical/Photos/Sand/NW/NW sand/20230126_171359.jpg","Sand/NW/NW sand/20230126_171359.jpg"
"297","/Users/jasper/Desktop/BIO3018F/Jasper/Practical/Photos/Sand/NW/NW sand/20230126_171404.jpg","Sand/NW/NW sand/20230126_171404.jpg"
"298","/Users/jasper/Desktop/BIO3018F/Jasper/Practical/Photos/Sand/NW/NW sand/20230126_171409.jpg","Sand/NW/NW sand/20230126_171409.jpg"
"299","/Users/jasper/Desktop/BIO3018F/Jasper/Practical/Photos/Sand/NW/NW sand/20230126_171411.jpg","Sand/NW/NW sand/20230126_171411.jpg"
"300","/Users/jasper/Desktop/BIO3018F/Jasper/Practical/Photos/Sand/NW/NW sand/20230126_172053.jpg","Sand/NW/NW sand/20230126_172053.jpg"
"301","/Users/jasper/Desktop/BIO3018F/Jasper/Practical/Photos/Sand/NW/NW sand/20230126_172055.jpg","Sand/NW/NW sand/20230126_172055.jpg"
"302","/Users/jasper/Desktop/BIO3018F/Jasper/Practical/Photos/Sand/NW/NW sand/20230126_172103.jpg","Sand/NW/NW sand/20230126_172103.jpg"
"303","/Users/jasper/Desktop/BIO3018F/Jasper/Practical/Photos/Sand/NW/NW sand/20230126_172150.jpg","Sand/NW/NW sand/20230126_172150.jpg"
"304","/Users/jasper/Desktop/BIO3018F/Jasper/Practical/Photos/Sand/NW/NW sand/20230126_172152.jpg","Sand/NW/NW sand/20230126_172152.jpg"
"305","/Users/jasper/Desktop/BIO3018F/Jasper/Practical/Photos/Sand/NW/NW sand/20230126_172502.jpg","Sand/NW/NW sand/20230126_172502.jpg"
"306","/Users/jasper/Desktop/BIO3018F/Jasper/Practical/Photos/Sand/NW/NW sand/20230126_172809.jpg","Sand/NW/NW sand/20230126_172809.jpg"
"307","/Users/jasper/Desktop/BIO3018F/Jasper/Practical/Photos/Sand/NW/NW sand/20230126_172813.jpg","Sand/NW/NW sand/20230126_172813.jpg"
"308","/Users/jasper/Desktop/BIO3018F/Jasper/Practical/Photos/Sand/NW/NW sand/20230126_172815.jpg","Sand/NW/NW sand/20230126_172815.jpg"
"309","/Users/jasper/Desktop/BIO3018F/Jasper/Practical/Photos/Sand/NW/NW sand/20230126_172823.jpg","Sand/NW/NW sand/20230126_172823.jpg"
"310","/Users/jasper/Desktop/BIO3018F/Jasper/Practical/Photos/Sand/NW/NW sand/20230126_172827.jpg","Sand/NW/NW sand/20230126_172827.jpg"
"311","/Users/jasper/Desktop/BIO3018F/Jasper/Practical/Photos/Sand/NW/NW sand/20230126_172844.jpg","Sand/NW/NW sand/20230126_172844.jpg"
"312","/Users/jasper/Desktop/BIO3018F/Jasper/Practical/Photos/Sand/NW/NW sand/20230126_173157.jpg","Sand/NW/NW sand/20230126_173157.jpg"
"313","/Users/jasper/Desktop/BIO3018F/Jasper/Practical/Photos/Sand/NW/NW sand/20230126_173159.jpg","Sand/NW/NW sand/20230126_173159.jpg"
"314","/Users/jasper/Desktop/BIO3018F/Jasper/Practical/Photos/Sand/NW/NW sand/20230126_173208.jpg","Sand/NW/NW sand/20230126_173208.jpg"
"315","/Users/jasper/Desktop/BIO3018F/Jasper/Practical/Photos/Sand/NW/NW sand/20230126_173211.jpg","Sand/NW/NW sand/20230126_173211.jpg"
"316","/Users/jasper/Desktop/BIO3018F/Jasper/Practical/Photos/Sand/NW/NW sand/20230126_173217.jpg","Sand/NW/NW sand/20230126_173217.jpg"
"317","/Users/jasper/Desktop/BIO3018F/Jasper/Practical/Photos/Sand/NW/NW sand/20230126_173220.jpg","Sand/NW/NW sand/20230126_173220.jpg"
"318","/Users/jasper/Desktop/BIO3018F/Jasper/Practical/Photos/Sand/NW/NW sand/20230126_173239.jpg","Sand/NW/NW sand/20230126_173239.jpg"
"319","/Users/jasper/Desktop/BIO3018F/Jasper/Practical/Photos/Sand/NW/NW sand/20230126_173241.jpg","Sand/NW/NW sand/20230126_173241.jpg"
"320","/Users/jasper/Desktop/BIO3018F/Jasper/Practical/Photos/Sand/NW/NW sand/20230126_173245.jpg","Sand/NW/NW sand/20230126_173245.jpg"
"321","/Users/jasper/Desktop/BIO3018F/Jasper/Practical/Photos/Sand/NW/NW sand/20230126_173254.jpg","Sand/NW/NW sand/20230126_173254.jpg"
"322","/Users/jasper/Desktop/BIO3018F/Jasper/Practical/Photos/Sand/NW/NW sand/20230126_173258.jpg","Sand/NW/NW sand/20230126_173258.jpg"
"323","/Users/jasper/Desktop/BIO3018F/Jasper/Practical/Photos/Sand/NW/NW sand/20230126_173310.jpg","Sand/NW/NW sand/20230126_173310.jpg"
"324","/Users/jasper/Desktop/BIO3018F/Jasper/Practical/Photos/Sand/NW/NW sand/20230126_173313.jpg","Sand/NW/NW sand/20230126_173313.jpg"
"325","/Users/jasper/Desktop/BIO3018F/Jasper/Practical/Photos/Sand/NW/NW sand/20230126_173335.jpg","Sand/NW/NW sand/20230126_173335.jpg"
"326","/Users/jasper/Desktop/BIO3018F/Jasper/Practical/Photos/Sand/NW/NW sand/20230126_173349.jpg","Sand/NW/NW sand/20230126_173349.jpg"
"327","/Users/jasper/Desktop/BIO3018F/Jasper/Practical/Photos/Sand/NW/NW sand/20230126_173358.jpg","Sand/NW/NW sand/20230126_173358.jpg"
"328","/Users/jasper/Desktop/BIO3018F/Jasper/Practical/Photos/Sand/SE/IMG_0993.jpeg","Sand/SE/IMG_0993.jpeg"
"329","/Users/jasper/Desktop/BIO3018F/Jasper/Practical/Photos/Sand/SE/IMG_0994.jpg","Sand/SE/IMG_0994.jpg"
"330","/Users/jasper/Desktop/BIO3018F/Jasper/Practical/Photos/Sand/SE/IMG_0995.jpg","Sand/SE/IMG_0995.jpg"
"331","/Users/jasper/Desktop/BIO3018F/Jasper/Practical/Photos/Sand/SE/IMG_0996.jpg","Sand/SE/IMG_0996.jpg"
"332","/Users/jasper/Desktop/BIO3018F/Jasper/Practical/Photos/Sand/SE/IMG_0997.jpg","Sand/SE/IMG_0997.jpg"
"333","/Users/jasper/Desktop/BIO3018F/Jasper/Practical/Photos/Sand/SE/IMG_0998.jpg","Sand/SE/IMG_0998.jpg"
"334","/Users/jasper/Desktop/BIO3018F/Jasper/Practical/Photos/Sand/SE/IMG_1004.jpg","Sand/SE/IMG_1004.jpg"
"335","/Users/jasper/Desktop/BIO3018F/Jasper/Practical/Photos/Sand/SE/IMG_1005.jpg","Sand/SE/IMG_1005.jpg"
"336","/Users/jasper/Desktop/BIO3018F/Jasper/Practical/Photos/Sand/SE/IMG_1007.jpg","Sand/SE/IMG_1007.jpg"
"337","/Users/jasper/Desktop/BIO3018F/Jasper/Practical/Photos/Sand/SE/IMG_1008.jpg","Sand/SE/IMG_1008.jpg"
"338","/Users/jasper/Desktop/BIO3018F/Jasper/Practical/Photos/Sand/SE/IMG_1009.jpg","Sand/SE/IMG_1009.jpg"
"339","/Users/jasper/Desktop/BIO3018F/Jasper/Practical/Photos/Sand/SE/IMG_1010.jpg","Sand/SE/IMG_1010.jpg"
"340","/Users/jasper/Desktop/BIO3018F/Jasper/Practical/Photos/Sand/SE/IMG_1011.jpg","Sand/SE/IMG_1011.jpg"
"341","/Users/jasper/Desktop/BIO3018F/Jasper/Practical/Photos/Sand/SE/IMG_1012.jpg","Sand/SE/IMG_1012.jpg"
"342","/Users/jasper/Desktop/BIO3018F/Jasper/Practical/Photos/Sand/SE/IMG_1013.jpg","Sand/SE/IMG_1013.jpg"
"343","/Users/jasper/Desktop/BIO3018F/Jasper/Practical/Photos/Sand/SE/IMG_1014.jpg","Sand/SE/IMG_1014.jpg"
"344","/Users/jasper/Desktop/BIO3018F/Jasper/Practical/Photos/Sand/SE/IMG_1015.jpg","Sand/SE/IMG_1015.jpg"
"345","/Users/jasper/Desktop/BIO3018F/Jasper/Practical/Photos/Sand/SE/IMG_9615.jpg","Sand/SE/IMG_9615.jpg"
"346","/Users/jasper/Desktop/BIO3018F/Jasper/Practical/Photos/Sand/SE/IMG_9616.jpg","Sand/SE/IMG_9616.jpg"
"347","/Users/jasper/Desktop/BIO3018F/Jasper/Practical/Photos/Sand/SE/IMG_9617.jpg","Sand/SE/IMG_9617.jpg"
"348","/Users/jasper/Desktop/BIO3018F/Jasper/Practical/Photos/Sand/SE/IMG_9618.jpg","Sand/SE/IMG_9618.jpg"
"349","/Users/jasper/Desktop/BIO3018F/Jasper/Practical/Photos/Sand/SE/IMG_9619.jpg","Sand/SE/IMG_9619.jpg"
"350","/Users/jasper/Desktop/BIO3018F/Jasper/Practical/Photos/Sand/SE/IMG_9620.jpg","Sand/SE/IMG_9620.jpg"
"351","/Users/jasper/Desktop/BIO3018F/Jasper/Practical/Photos/Sand/SE/IMG_9621.jpg","Sand/SE/IMG_9621.jpg"
"352","/Users/jasper/Desktop/BIO3018F/Jasper/Practical/Photos/Sand/SE/IMG_9622.jpg","Sand/SE/IMG_9622.jpg"
"353","/Users/jasper/Desktop/BIO3018F/Jasper/Practical/Photos/Sand/SE/IMG_9623.jpg","Sand/SE/IMG_9623.jpg"
"354","/Users/jasper/Desktop/BIO3018F/Jasper/Practical/Photos/Sand/SE/IMG_9624.jpg","Sand/SE/IMG_9624.jpg"
"355","/Users/jasper/Desktop/BIO3018F/Jasper/Practical/Photos/Sand/SE/IMG_9625.jpg","Sand/SE/IMG_9625.jpg"
"356","/Users/jasper/Desktop/BIO3018F/Jasper/Practical/Photos/Sand/SE/IMG_9626.jpg","Sand/SE/IMG_9626.jpg"
"357","/Users/jasper/Desktop/BIO3018F/Jasper/Practical/Photos/Sand/SE/IMG_9627.jpg","Sand/SE/IMG_9627.jpg"
"358","/Users/jasper/Desktop/BIO3018F/Jasper/Practical/Photos/Sand/SE/IMG_9628.jpg","Sand/SE/IMG_9628.jpg"
"359","/Users/jasper/Desktop/BIO3018F/Jasper/Practical/Photos/Sand/SE/IMG_9629.jpg","Sand/SE/IMG_9629.jpg"
"360","/Users/jasper/Desktop/BIO3018F/Jasper/Practical/Photos/Sand/SE/IMG_9630.jpg","Sand/SE/IMG_9630.jpg"
"361","/Users/jasper/Desktop/BIO3018F/Jasper/Practical/Photos/Sand/SE/IMG_9631.jpg","Sand/SE/IMG_9631.jpg"
"362","/Users/jasper/Desktop/BIO3018F/Jasper/Practical/Photos/Sand/SE/IMG_9632.jpg","Sand/SE/IMG_9632.jpg"
"363","/Users/jasper/Desktop/BIO3018F/Jasper/Practical/Photos/Sand/SE/IMG_9633.jpg","Sand/SE/IMG_9633.jpg"
"364","/Users/jasper/Desktop/BIO3018F/Jasper/Practical/Photos/Sand/SE/IMG_9634.jpg","Sand/SE/IMG_9634.jpg"
"365","/Users/jasper/Desktop/BIO3018F/Jasper/Practical/Photos/Sand/SE/IMG_9635.jpg","Sand/SE/IMG_9635.jpg"
"366","/Users/jasper/Desktop/BIO3018F/Jasper/Practical/Photos/Sand/SE/IMG_9636.jpg","Sand/SE/IMG_9636.jpg"
"367","/Users/jasper/Desktop/BIO3018F/Jasper/Practical/Photos/Sand/SE/IMG_9637.jpg","Sand/SE/IMG_9637.jpg"
"368","/Users/jasper/Desktop/BIO3018F/Jasper/Practical/Photos/Sand/SE/IMG_9638.jpg","Sand/SE/IMG_9638.jpg"
"369","/Users/jasper/Desktop/BIO3018F/Jasper/Practical/Photos/Sand/SE/IMG_9639.jpg","Sand/SE/IMG_9639.jpg"
"370","/Users/jasper/Desktop/BIO3018F/Jasper/Practical/Photos/Sand/SE/IMG_9640.jpg","Sand/SE/IMG_9640.jpg"
"371","/Users/jasper/Desktop/BIO3018F/Jasper/Practical/Photos/Sand/SE/IMG_9641.jpg","Sand/SE/IMG_9641.jpg"
"372","/Users/jasper/Desktop/BIO3018F/Jasper/Practical/Photos/Sand/SE/IMG_9642.jpg","Sand/SE/IMG_9642.jpg"
"373","/Users/jasper/Desktop/BIO3018F/Jasper/Practical/Photos/Sand/SE/IMG_9643.jpg","Sand/SE/IMG_9643.jpg"
"374","/Users/jasper/Desktop/BIO3018F/Jasper/Practical/Photos/Sand/SE/IMG_9644.jpg","Sand/SE/IMG_9644.jpg"
"375","/Users/jasper/Desktop/BIO3018F/Jasper/Practical/Photos/Sand/SE/IMG_9645.jpg","Sand/SE/IMG_9645.jpg"
"376","/Users/jasper/Desktop/BIO3018F/Jasper/Practical/Photos/Sand/SE/IMG_9646.jpg","Sand/SE/IMG_9646.jpg"
"377","/Users/jasper/Desktop/BIO3018F/Jasper/Practical/Photos/Sand/SE/IMG_9647.jpg","Sand/SE/IMG_9647.jpg"
"378","/Users/jasper/Desktop/BIO3018F/Jasper/Practical/Photos/Sand/SE/IMG_9648.jpg","Sand/SE/IMG_9648.jpg"
"379","/Users/jasper/Desktop/BIO3018F/Jasper/Practical/Photos/Sand/SE/IMG_9649.jpg","Sand/SE/IMG_9649.jpg"
"380","/Users/jasper/Desktop/BIO3018F/Jasper/Practical/Photos/Sand/SE/IMG_9650.jpg","Sand/SE/IMG_9650.jpg"
"381","/Users/jasper/Desktop/BIO3018F/Jasper/Practical/Photos/Sand/SE/IMG_9651.jpg","Sand/SE/IMG_9651.jpg"
"382","/Users/jasper/Desktop/BIO3018F/Jasper/Practical/Photos/Sand/SE/IMG_9652.jpg","Sand/SE/IMG_9652.jpg"
"383","/Users/jasper/Desktop/BIO3018F/Jasper/Practical/Photos/Sand/SE/IMG_9653.jpg","Sand/SE/IMG_9653.jpg"
"384","/Users/jasper/Desktop/BIO3018F/Jasper/Practical/Photos/Sand/SE/IMG_9654.jpg","Sand/SE/IMG_9654.jpg"
"385","/Users/jasper/Desktop/BIO3018F/Jasper/Practical/Photos/Sand/SE/IMG_9655.jpg","Sand/SE/IMG_9655.jpg"
"386","/Users/jasper/Desktop/BIO3018F/Jasper/Practical/Photos/Sand/SE/IMG_9656.jpg","Sand/SE/IMG_9656.jpg"
"387","/Users/jasper/Desktop/BIO3018F/Jasper/Practical/Photos/Sand/SE/IMG_9658.jpg","Sand/SE/IMG_9658.jpg"
"388","/Users/jasper/Desktop/BIO3018F/Jasper/Practical/Photos/Sand/SE/IMG_9659.jpg","Sand/SE/IMG_9659.jpg"
"389","/Users/jasper/Desktop/BIO3018F/Jasper/Practical/Photos/Sand/SE/IMG_9660.jpg","Sand/SE/IMG_9660.jpg"
"390","/Users/jasper/Desktop/BIO3018F/Jasper/Practical/Photos/Sand/SW/20230126_171648.jpg","Sand/SW/20230126_171648.jpg"
"391","/Users/jasper/Desktop/BIO3018F/Jasper/Practical/Photos/Sand/SW/20230126_171657.jpg","Sand/SW/20230126_171657.jpg"
"392","/Users/jasper/Desktop/BIO3018F/Jasper/Practical/Photos/Sand/SW/20230126_171703.jpg","Sand/SW/20230126_171703.jpg"
"393","/Users/jasper/Desktop/BIO3018F/Jasper/Practical/Photos/Sand/SW/20230126_171705.jpg","Sand/SW/20230126_171705.jpg"
"394","/Users/jasper/Desktop/BIO3018F/Jasper/Practical/Photos/Sand/SW/20230126_171713.jpg","Sand/SW/20230126_171713.jpg"
"395","/Users/jasper/Desktop/BIO3018F/Jasper/Practical/Photos/Sand/SW/20230126_171715.jpg","Sand/SW/20230126_171715.jpg"
"396","/Users/jasper/Desktop/BIO3018F/Jasper/Practical/Photos/Sand/SW/20230126_171719.jpg","Sand/SW/20230126_171719.jpg"
"397","/Users/jasper/Desktop/BIO3018F/Jasper/Practical/Photos/Sand/SW/20230126_171740.jpg","Sand/SW/20230126_171740.jpg"
"398","/Users/jasper/Desktop/BIO3018F/Jasper/Practical/Photos/Sand/SW/20230126_171755.jpg","Sand/SW/20230126_171755.jpg"
"399","/Users/jasper/Desktop/BIO3018F/Jasper/Practical/Photos/Sand/SW/20230126_171758.jpg","Sand/SW/20230126_171758.jpg"
"400","/Users/jasper/Desktop/BIO3018F/Jasper/Practical/Photos/Sand/SW/20230126_171803.jpg","Sand/SW/20230126_171803.jpg"
"401","/Users/jasper/Desktop/BIO3018F/Jasper/Practical/Photos/Sand/SW/20230126_171836.jpg","Sand/SW/20230126_171836.jpg"
"402","/Users/jasper/Desktop/BIO3018F/Jasper/Practical/Photos/Sand/SW/20230126_171841.jpg","Sand/SW/20230126_171841.jpg"
"403","/Users/jasper/Desktop/BIO3018F/Jasper/Practical/Photos/Sand/SW/20230126_171849.jpg","Sand/SW/20230126_171849.jpg"
"404","/Users/jasper/Desktop/BIO3018F/Jasper/Practical/Photos/Sand/SW/20230126_171852.jpg","Sand/SW/20230126_171852.jpg"
"405","/Users/jasper/Desktop/BIO3018F/Jasper/Practical/Photos/Sand/SW/20230126_171922.jpg","Sand/SW/20230126_171922.jpg"
"406","/Users/jasper/Desktop/BIO3018F/Jasper/Practical/Photos/Sand/SW/20230126_171952.jpg","Sand/SW/20230126_171952.jpg"
"407","/Users/jasper/Desktop/BIO3018F/Jasper/Practical/Photos/Sand/SW/20230126_172044.jpg","Sand/SW/20230126_172044.jpg"
"408","/Users/jasper/Desktop/BIO3018F/Jasper/Practical/Photos/Sand/SW/20230126_172046.jpg","Sand/SW/20230126_172046.jpg"
"409","/Users/jasper/Desktop/BIO3018F/Jasper/Practical/Photos/Sand/SW/20230126_172051.jpg","Sand/SW/20230126_172051.jpg"
"410","/Users/jasper/Desktop/BIO3018F/Jasper/Practical/Photos/Sandstone/NE/IMG_3514.JPG","Sandstone/NE/IMG_3514.JPG"
"411","/Users/jasper/Desktop/BIO3018F/Jasper/Practical/Photos/Sandstone/NE/IMG_3515.JPG","Sandstone/NE/IMG_3515.JPG"
"412","/Users/jasper/Desktop/BIO3018F/Jasper/Practical/Photos/Sandstone/NE/IMG_3516.JPG","Sandstone/NE/IMG_3516.JPG"
"413","/Users/jasper/Desktop/BIO3018F/Jasper/Practical/Photos/Sandstone/NE/IMG_3517.JPG","Sandstone/NE/IMG_3517.JPG"
"414","/Users/jasper/Desktop/BIO3018F/Jasper/Practical/Photos/Sandstone/NE/IMG_3518.JPG","Sandstone/NE/IMG_3518.JPG"
"415","/Users/jasper/Desktop/BIO3018F/Jasper/Practical/Photos/Sandstone/NE/IMG_3519.JPG","Sandstone/NE/IMG_3519.JPG"
"416","/Users/jasper/Desktop/BIO3018F/Jasper/Practical/Photos/Sandstone/NE/IMG_3520.JPG","Sandstone/NE/IMG_3520.JPG"
"417","/Users/jasper/Desktop/BIO3018F/Jasper/Practical/Photos/Sandstone/NE/IMG_3521.JPG","Sandstone/NE/IMG_3521.JPG"
"418","/Users/jasper/Desktop/BIO3018F/Jasper/Practical/Photos/Sandstone/NE/IMG_3522.JPG","Sandstone/NE/IMG_3522.JPG"
"419","/Users/jasper/Desktop/BIO3018F/Jasper/Practical/Photos/Sandstone/NE/IMG_3523.JPG","Sandstone/NE/IMG_3523.JPG"
"420","/Users/jasper/Desktop/BIO3018F/Jasper/Practical/Photos/Sandstone/NE/IMG_3524.JPG","Sandstone/NE/IMG_3524.JPG"
"421","/Users/jasper/Desktop/BIO3018F/Jasper/Practical/Photos/Sandstone/NE/IMG_3525.JPG","Sandstone/NE/IMG_3525.JPG"
"422","/Users/jasper/Desktop/BIO3018F/Jasper/Practical/Photos/Sandstone/NE/IMG_3526.JPG","Sandstone/NE/IMG_3526.JPG"
"423","/Users/jasper/Desktop/BIO3018F/Jasper/Practical/Photos/Sandstone/NE/IMG_3527.JPG","Sandstone/NE/IMG_3527.JPG"
"424","/Users/jasper/Desktop/BIO3018F/Jasper/Practical/Photos/Sandstone/NE/IMG_3528.JPG","Sandstone/NE/IMG_3528.JPG"
"425","/Users/jasper/Desktop/BIO3018F/Jasper/Practical/Photos/Sandstone/NE/IMG_3529.JPG","Sandstone/NE/IMG_3529.JPG"
"426","/Users/jasper/Desktop/BIO3018F/Jasper/Practical/Photos/Sandstone/NW/IMG_20230127_143527.jpg","Sandstone/NW/IMG_20230127_143527.jpg"
"427","/Users/jasper/Desktop/BIO3018F/Jasper/Practical/Photos/Sandstone/NW/IMG_20230127_143544.jpg","Sandstone/NW/IMG_20230127_143544.jpg"
"428","/Users/jasper/Desktop/BIO3018F/Jasper/Practical/Photos/Sandstone/NW/IMG_20230127_143605.jpg","Sandstone/NW/IMG_20230127_143605.jpg"
"429","/Users/jasper/Desktop/BIO3018F/Jasper/Practical/Photos/Sandstone/NW/IMG_20230127_143616.jpg","Sandstone/NW/IMG_20230127_143616.jpg"
"430","/Users/jasper/Desktop/BIO3018F/Jasper/Practical/Photos/Sandstone/NW/IMG_20230127_143630.jpg","Sandstone/NW/IMG_20230127_143630.jpg"
"431","/Users/jasper/Desktop/BIO3018F/Jasper/Practical/Photos/Sandstone/NW/IMG_20230127_143655.jpg","Sandstone/NW/IMG_20230127_143655.jpg"
"432","/Users/jasper/Desktop/BIO3018F/Jasper/Practical/Photos/Sandstone/NW/NW sandstone/20230127_133447.jpg","Sandstone/NW/NW sandstone/20230127_133447.jpg"
"433","/Users/jasper/Desktop/BIO3018F/Jasper/Practical/Photos/Sandstone/NW/NW sandstone/20230127_133450.jpg","Sandstone/NW/NW sandstone/20230127_133450.jpg"
"434","/Users/jasper/Desktop/BIO3018F/Jasper/Practical/Photos/Sandstone/NW/NW sandstone/20230127_133456.jpg","Sandstone/NW/NW sandstone/20230127_133456.jpg"
"435","/Users/jasper/Desktop/BIO3018F/Jasper/Practical/Photos/Sandstone/NW/NW sandstone/20230127_133459.jpg","Sandstone/NW/NW sandstone/20230127_133459.jpg"
"436","/Users/jasper/Desktop/BIO3018F/Jasper/Practical/Photos/Sandstone/NW/NW sandstone/20230127_135304.jpg","Sandstone/NW/NW sandstone/20230127_135304.jpg"
"437","/Users/jasper/Desktop/BIO3018F/Jasper/Practical/Photos/Sandstone/NW/NW sandstone/20230127_135308.jpg","Sandstone/NW/NW sandstone/20230127_135308.jpg"
"438","/Users/jasper/Desktop/BIO3018F/Jasper/Practical/Photos/Sandstone/NW/NW sandstone/20230127_141917.jpg","Sandstone/NW/NW sandstone/20230127_141917.jpg"
"439","/Users/jasper/Desktop/BIO3018F/Jasper/Practical/Photos/Sandstone/NW/NW sandstone/20230127_142056.jpg","Sandstone/NW/NW sandstone/20230127_142056.jpg"
"440","/Users/jasper/Desktop/BIO3018F/Jasper/Practical/Photos/Sandstone/NW/NW sandstone/20230127_142103.jpg","Sandstone/NW/NW sandstone/20230127_142103.jpg"
"441","/Users/jasper/Desktop/BIO3018F/Jasper/Practical/Photos/Sandstone/NW/NW sandstone/20230127_142129.jpg","Sandstone/NW/NW sandstone/20230127_142129.jpg"
"442","/Users/jasper/Desktop/BIO3018F/Jasper/Practical/Photos/Sandstone/NW/NW sandstone/20230127_142134.jpg","Sandstone/NW/NW sandstone/20230127_142134.jpg"
"443","/Users/jasper/Desktop/BIO3018F/Jasper/Practical/Photos/Sandstone/NW/NW sandstone/20230127_142137.jpg","Sandstone/NW/NW sandstone/20230127_142137.jpg"
"444","/Users/jasper/Desktop/BIO3018F/Jasper/Practical/Photos/Sandstone/NW/NW sandstone/20230127_142226.jpg","Sandstone/NW/NW sandstone/20230127_142226.jpg"
"445","/Users/jasper/Desktop/BIO3018F/Jasper/Practical/Photos/Sandstone/NW/NW sandstone/20230127_142230.jpg","Sandstone/NW/NW sandstone/20230127_142230.jpg"
"446","/Users/jasper/Desktop/BIO3018F/Jasper/Practical/Photos/Sandstone/NW/NW sandstone/20230127_142232.jpg","Sandstone/NW/NW sandstone/20230127_142232.jpg"
"447","/Users/jasper/Desktop/BIO3018F/Jasper/Practical/Photos/Sandstone/NW/NW sandstone/20230127_142235.jpg","Sandstone/NW/NW sandstone/20230127_142235.jpg"
"448","/Users/jasper/Desktop/BIO3018F/Jasper/Practical/Photos/Sandstone/NW/NW sandstone/20230127_142702.jpg","Sandstone/NW/NW sandstone/20230127_142702.jpg"
"449","/Users/jasper/Desktop/BIO3018F/Jasper/Practical/Photos/Sandstone/NW/NW sandstone/20230127_142710.jpg","Sandstone/NW/NW sandstone/20230127_142710.jpg"
"450","/Users/jasper/Desktop/BIO3018F/Jasper/Practical/Photos/Sandstone/NW/NW sandstone/20230127_142720.jpg","Sandstone/NW/NW sandstone/20230127_142720.jpg"
"451","/Users/jasper/Desktop/BIO3018F/Jasper/Practical/Photos/Sandstone/NW/NW sandstone/20230127_142908.jpg","Sandstone/NW/NW sandstone/20230127_142908.jpg"
"452","/Users/jasper/Desktop/BIO3018F/Jasper/Practical/Photos/Sandstone/NW/NW sandstone/20230127_142915.jpg","Sandstone/NW/NW sandstone/20230127_142915.jpg"
"453","/Users/jasper/Desktop/BIO3018F/Jasper/Practical/Photos/Sandstone/NW/NW sandstone/20230127_142918.jpg","Sandstone/NW/NW sandstone/20230127_142918.jpg"
"454","/Users/jasper/Desktop/BIO3018F/Jasper/Practical/Photos/Sandstone/NW/NW sandstone/20230127_142921.jpg","Sandstone/NW/NW sandstone/20230127_142921.jpg"
"455","/Users/jasper/Desktop/BIO3018F/Jasper/Practical/Photos/Sandstone/NW/NW sandstone/20230127_142950.jpg","Sandstone/NW/NW sandstone/20230127_142950.jpg"
"456","/Users/jasper/Desktop/BIO3018F/Jasper/Practical/Photos/Sandstone/NW/NW sandstone/20230127_143012.jpg","Sandstone/NW/NW sandstone/20230127_143012.jpg"
"457","/Users/jasper/Desktop/BIO3018F/Jasper/Practical/Photos/Sandstone/NW/NW sandstone/20230127_143259.jpg","Sandstone/NW/NW sandstone/20230127_143259.jpg"
"458","/Users/jasper/Desktop/BIO3018F/Jasper/Practical/Photos/Sandstone/NW/NW sandstone/20230127_143302.jpg","Sandstone/NW/NW sandstone/20230127_143302.jpg"
"459","/Users/jasper/Desktop/BIO3018F/Jasper/Practical/Photos/Sandstone/NW/NW sandstone/20230127_143423.jpg","Sandstone/NW/NW sandstone/20230127_143423.jpg"
"460","/Users/jasper/Desktop/BIO3018F/Jasper/Practical/Photos/Sandstone/NW/NW sandstone/20230127_143431.jpg","Sandstone/NW/NW sandstone/20230127_143431.jpg"
"461","/Users/jasper/Desktop/BIO3018F/Jasper/Practical/Photos/Sandstone/NW/NW sandstone/20230127_143432.jpg","Sandstone/NW/NW sandstone/20230127_143432.jpg"
"462","/Users/jasper/Desktop/BIO3018F/Jasper/Practical/Photos/Sandstone/NW/NW sandstone/20230127_143441.jpg","Sandstone/NW/NW sandstone/20230127_143441.jpg"
"463","/Users/jasper/Desktop/BIO3018F/Jasper/Practical/Photos/Sandstone/NW/NW sandstone/20230127_143456.jpg","Sandstone/NW/NW sandstone/20230127_143456.jpg"
"464","/Users/jasper/Desktop/BIO3018F/Jasper/Practical/Photos/Sandstone/NW/NW sandstone/20230127_143458.jpg","Sandstone/NW/NW sandstone/20230127_143458.jpg"
"465","/Users/jasper/Desktop/BIO3018F/Jasper/Practical/Photos/Sandstone/SE/IMG_1018.JPG","Sandstone/SE/IMG_1018.JPG"
"466","/Users/jasper/Desktop/BIO3018F/Jasper/Practical/Photos/Sandstone/SE/IMG_1019.JPG","Sandstone/SE/IMG_1019.JPG"
"467","/Users/jasper/Desktop/BIO3018F/Jasper/Practical/Photos/Sandstone/SE/IMG_1020.JPG","Sandstone/SE/IMG_1020.JPG"
"468","/Users/jasper/Desktop/BIO3018F/Jasper/Practical/Photos/Sandstone/SE/IMG_1021.JPG","Sandstone/SE/IMG_1021.JPG"
"469","/Users/jasper/Desktop/BIO3018F/Jasper/Practical/Photos/Sandstone/SE/IMG_1022.JPG","Sandstone/SE/IMG_1022.JPG"
"470","/Users/jasper/Desktop/BIO3018F/Jasper/Practical/Photos/Sandstone/SE/IMG_1023.JPG","Sandstone/SE/IMG_1023.JPG"
"471","/Users/jasper/Desktop/BIO3018F/Jasper/Practical/Photos/Sandstone/SE/IMG_1024.JPG","Sandstone/SE/IMG_1024.JPG"
"472","/Users/jasper/Desktop/BIO3018F/Jasper/Practical/Photos/Sandstone/SE/IMG_1025.JPG","Sandstone/SE/IMG_1025.JPG"
"473","/Users/jasper/Desktop/BIO3018F/Jasper/Practical/Photos/Sandstone/SE/IMG_1026.JPG","Sandstone/SE/IMG_1026.JPG"
"474","/Users/jasper/Desktop/BIO3018F/Jasper/Practical/Photos/Sandstone/SE/IMG_1027.JPG","Sandstone/SE/IMG_1027.JPG"
"475","/Users/jasper/Desktop/BIO3018F/Jasper/Practical/Photos/Sandstone/SE/IMG_1028.JPG","Sandstone/SE/IMG_1028.JPG"
"476","/Users/jasper/Desktop/BIO3018F/Jasper/Practical/Photos/Sandstone/SE/IMG_1029.JPG","Sandstone/SE/IMG_1029.JPG"
"477","/Users/jasper/Desktop/BIO3018F/Jasper/Practical/Photos/Sandstone/SE/IMG_1030.JPG","Sandstone/SE/IMG_1030.JPG"
"478","/Users/jasper/Desktop/BIO3018F/Jasper/Practical/Photos/Sandstone/SE/IMG_1031.JPG","Sandstone/SE/IMG_1031.JPG"
"479","/Users/jasper/Desktop/BIO3018F/Jasper/Practical/Photos/Sandstone/SE/IMG_1032.JPG","Sandstone/SE/IMG_1032.JPG"
"480","/Users/jasper/Desktop/BIO3018F/Jasper/Practical/Photos/Sandstone/SE/IMG_1034.JPG","Sandstone/SE/IMG_1034.JPG"
"481","/Users/jasper/Desktop/BIO3018F/Jasper/Practical/Photos/Sandstone/SE/IMG_1035.JPG","Sandstone/SE/IMG_1035.JPG"
"482","/Users/jasper/Desktop/BIO3018F/Jasper/Practical/Photos/Sandstone/SE/IMG_1036.JPG","Sandstone/SE/IMG_1036.JPG"
"483","/Users/jasper/Desktop/BIO3018F/Jasper/Practical/Photos/Sandstone/SE/IMG_1037.JPG","Sandstone/SE/IMG_1037.JPG"
"484","/Users/jasper/Desktop/BIO3018F/Jasper/Practical/Photos/Sandstone/SE/IMG_1038.JPG","Sandstone/SE/IMG_1038.JPG"
"485","/Users/jasper/Desktop/BIO3018F/Jasper/Practical/Photos/Sandstone/SE/IMG_1039.JPG","Sandstone/SE/IMG_1039.JPG"
"486","/Users/jasper/Desktop/BIO3018F/Jasper/Practical/Photos/Sandstone/SE/IMG_1040.JPG","Sandstone/SE/IMG_1040.JPG"
"487","/Users/jasper/Desktop/BIO3018F/Jasper/Practical/Photos/Sandstone/SE/IMG_1041.JPG","Sandstone/SE/IMG_1041.JPG"
"488","/Users/jasper/Desktop/BIO3018F/Jasper/Practical/Photos/Sandstone/SE/IMG_1042.JPG","Sandstone/SE/IMG_1042.JPG"
"489","/Users/jasper/Desktop/BIO3018F/Jasper/Practical/Photos/Sandstone/SE/IMG_1043.JPG","Sandstone/SE/IMG_1043.JPG"
"490","/Users/jasper/Desktop/BIO3018F/Jasper/Practical/Photos/Sandstone/SE/IMG_1044.JPG","Sandstone/SE/IMG_1044.JPG"
"491","/Users/jasper/Desktop/BIO3018F/Jasper/Practical/Photos/Sandstone/SE/IMG_1045.JPG","Sandstone/SE/IMG_1045.JPG"
"492","/Users/jasper/Desktop/BIO3018F/Jasper/Practical/Photos/Sandstone/SE/IMG_1046.JPG","Sandstone/SE/IMG_1046.JPG"
"493","/Users/jasper/Desktop/BIO3018F/Jasper/Practical/Photos/Sandstone/SE/IMG_1047.JPG","Sandstone/SE/IMG_1047.JPG"
"494","/Users/jasper/Desktop/BIO3018F/Jasper/Practical/Photos/Sandstone/SE/IMG_1048.JPG","Sandstone/SE/IMG_1048.JPG"
"495","/Users/jasper/Desktop/BIO3018F/Jasper/Practical/Photos/Sandstone/SE/IMG_1049.JPG","Sandstone/SE/IMG_1049.JPG"
"496","/Users/jasper/Desktop/BIO3018F/Jasper/Practical/Photos/Sandstone/SE/IMG_1050.JPG","Sandstone/SE/IMG_1050.JPG"
"497","/Users/jasper/Desktop/BIO3018F/Jasper/Practical/Photos/Sandstone/SE/IMG_9696.JPG","Sandstone/SE/IMG_9696.JPG"
"498","/Users/jasper/Desktop/BIO3018F/Jasper/Practical/Photos/Sandstone/SE/IMG_9698.JPG","Sandstone/SE/IMG_9698.JPG"
"499","/Users/jasper/Desktop/BIO3018F/Jasper/Practical/Photos/Sandstone/SE/IMG_9699.JPG","Sandstone/SE/IMG_9699.JPG"
"500","/Users/jasper/Desktop/BIO3018F/Jasper/Practical/Photos/Sandstone/SE/IMG_9700.JPG","Sandstone/SE/IMG_9700.JPG"
"501","/Users/jasper/Desktop/BIO3018F/Jasper/Practical/Photos/Sandstone/SE/IMG_9701.JPG","Sandstone/SE/IMG_9701.JPG"
"502","/Users/jasper/Desktop/BIO3018F/Jasper/Practical/Photos/Sandstone/SE/IMG_9704.JPG","Sandstone/SE/IMG_9704.JPG"
"503","/Users/jasper/Desktop/BIO3018F/Jasper/Practical/Photos/Sandstone/SE/IMG_9705.JPG","Sandstone/SE/IMG_9705.JPG"
"504","/Users/jasper/Desktop/BIO3018F/Jasper/Practical/Photos/Sandstone/SE/IMG_9708.JPG","Sandstone/SE/IMG_9708.JPG"
"505","/Users/jasper/Desktop/BIO3018F/Jasper/Practical/Photos/Sandstone/SE/IMG_9709.JPG","Sandstone/SE/IMG_9709.JPG"
"506","/Users/jasper/Desktop/BIO3018F/Jasper/Practical/Photos/Sandstone/SE/IMG_9710.JPG","Sandstone/SE/IMG_9710.JPG"
"507","/Users/jasper/Desktop/BIO3018F/Jasper/Practical/Photos/Sandstone/SE/IMG_9711.JPG","Sandstone/SE/IMG_9711.JPG"
"508","/Users/jasper/Desktop/BIO3018F/Jasper/Practical/Photos/Sandstone/SE/IMG_9712.JPG","Sandstone/SE/IMG_9712.JPG"
"509","/Users/jasper/Desktop/BIO3018F/Jasper/Practical/Photos/Sandstone/SE/IMG_9713.JPG","Sandstone/SE/IMG_9713.JPG"
"510","/Users/jasper/Desktop/BIO3018F/Jasper/Practical/Photos/Sandstone/SE/IMG_9714.JPG","Sandstone/SE/IMG_9714.JPG"
"511","/Users/jasper/Desktop/BIO3018F/Jasper/Practical/Photos/Sandstone/SE/IMG_9715.JPG","Sandstone/SE/IMG_9715.JPG"
"512","/Users/jasper/Desktop/BIO3018F/Jasper/Practical/Photos/Sandstone/SE/IMG_9716.JPG","Sandstone/SE/IMG_9716.JPG"
"513","/Users/jasper/Desktop/BIO3018F/Jasper/Practical/Photos/Sandstone/SE/IMG_9718.JPG","Sandstone/SE/IMG_9718.JPG"
"514","/Users/jasper/Desktop/BIO3018F/Jasper/Practical/Photos/Sandstone/SE/IMG_9719.JPG","Sandstone/SE/IMG_9719.JPG"
"515","/Users/jasper/Desktop/BIO3018F/Jasper/Practical/Photos/Sandstone/SE/IMG_9720.JPG","Sandstone/SE/IMG_9720.JPG"
"516","/Users/jasper/Desktop/BIO3018F/Jasper/Practical/Photos/Sandstone/SE/IMG_9721.JPG","Sandstone/SE/IMG_9721.JPG"
"517","/Users/jasper/Desktop/BIO3018F/Jasper/Practical/Photos/Sandstone/SE/IMG_9722.JPG","Sandstone/SE/IMG_9722.JPG"
"518","/Users/jasper/Desktop/BIO3018F/Jasper/Practical/Photos/Sandstone/SE/IMG_9723.JPG","Sandstone/SE/IMG_9723.JPG"
"519","/Users/jasper/Desktop/BIO3018F/Jasper/Practical/Photos/Sandstone/SE/IMG_9724.JPG","Sandstone/SE/IMG_9724.JPG"
"520","/Users/jasper/Desktop/BIO3018F/Jasper/Practical/Photos/Sandstone/SE/IMG_9725.JPG","Sandstone/SE/IMG_9725.JPG"
"521","/Users/jasper/Desktop/BIO3018F/Jasper/Practical/Photos/Sandstone/SE/IMG_9726.JPG","Sandstone/SE/IMG_9726.JPG"
"522","/Users/jasper/Desktop/BIO3018F/Jasper/Practical/Photos/Sandstone/SE/IMG_9727.JPG","Sandstone/SE/IMG_9727.JPG"
"523","/Users/jasper/Desktop/BIO3018F/Jasper/Practical/Photos/Sandstone/SE/IMG_9728.JPG","Sandstone/SE/IMG_9728.JPG"
"524","/Users/jasper/Desktop/BIO3018F/Jasper/Practical/Photos/Sandstone/SE/IMG_9729.JPG","Sandstone/SE/IMG_9729.JPG"
"525","/Users/jasper/Desktop/BIO3018F/Jasper/Practical/Photos/Sandstone/SE/IMG_9730.JPG","Sandstone/SE/IMG_9730.JPG"
"526","/Users/jasper/Desktop/BIO3018F/Jasper/Practical/Photos/Sandstone/SE/IMG_9731.JPG","Sandstone/SE/IMG_9731.JPG"
"527","/Users/jasper/Desktop/BIO3018F/Jasper/Practical/Photos/Sandstone/SE/IMG_9732.JPG","Sandstone/SE/IMG_9732.JPG"
"528","/Users/jasper/Desktop/BIO3018F/Jasper/Practical/Photos/Sandstone/SE/IMG_9733.JPG","Sandstone/SE/IMG_9733.JPG"
"529","/Users/jasper/Desktop/BIO3018F/Jasper/Practical/Photos/Sandstone/SE/IMG_9734.JPG","Sandstone/SE/IMG_9734.JPG"
"530","/Users/jasper/Desktop/BIO3018F/Jasper/Practical/Photos/Sandstone/SE/IMG_9735.JPG","Sandstone/SE/IMG_9735.JPG"
"531","/Users/jasper/Desktop/BIO3018F/Jasper/Practical/Photos/Sandstone/SE/IMG_9736.JPG","Sandstone/SE/IMG_9736.JPG"
"532","/Users/jasper/Desktop/BIO3018F/Jasper/Practical/Photos/Sandstone/SE/IMG_9737.JPG","Sandstone/SE/IMG_9737.JPG"
"533","/Users/jasper/Desktop/BIO3018F/Jasper/Practical/Photos/Sandstone/SE/IMG_9738.JPG","Sandstone/SE/IMG_9738.JPG"
"534","/Users/jasper/Desktop/BIO3018F/Jasper/Practical/Photos/Sandstone/SE/IMG_9739.JPG","Sandstone/SE/IMG_9739.JPG"
"535","/Users/jasper/Desktop/BIO3018F/Jasper/Practical/Photos/Sandstone/SE/IMG_9740.JPG","Sandstone/SE/IMG_9740.JPG"
"536","/Users/jasper/Desktop/BIO3018F/Jasper/Practical/Photos/Sandstone/SE/IMG_9741.JPG","Sandstone/SE/IMG_9741.JPG"
"537","/Users/jasper/Desktop/BIO3018F/Jasper/Practical/Photos/Sandstone/SE/IMG_9742.JPG","Sandstone/SE/IMG_9742.JPG"
"538","/Users/jasper/Desktop/BIO3018F/Jasper/Practical/Photos/Sandstone/SE/IMG_9743.JPG","Sandstone/SE/IMG_9743.JPG"
"539","/Users/jasper/Desktop/BIO3018F/Jasper/Practical/Photos/Sandstone/SE/IMG_9744.JPG","Sandstone/SE/IMG_9744.JPG"
"540","/Users/jasper/Desktop/BIO3018F/Jasper/Practical/Photos/Sandstone/SE/IMG_9745.JPG","Sandstone/SE/IMG_9745.JPG"
"541","/Users/jasper/Desktop/BIO3018F/Jasper/Practical/Photos/Sandstone/SE/IMG_9746.JPG","Sandstone/SE/IMG_9746.JPG"
"542","/Users/jasper/Desktop/BIO3018F/Jasper/Practical/Photos/Sandstone/SE/IMG_9747.JPG","Sandstone/SE/IMG_9747.JPG"
"543","/Users/jasper/Desktop/BIO3018F/Jasper/Practical/Photos/Sandstone/SW/20230127_134840.jpg","Sandstone/SW/20230127_134840.jpg"
"544","/Users/jasper/Desktop/BIO3018F/Jasper/Practical/Photos/Sandstone/SW/20230127_134848.jpg","Sandstone/SW/20230127_134848.jpg"
"545","/Users/jasper/Desktop/BIO3018F/Jasper/Practical/Photos/Sandstone/SW/20230127_134849.jpg","Sandstone/SW/20230127_134849.jpg"
"546","/Users/jasper/Desktop/BIO3018F/Jasper/Practical/Photos/Sandstone/SW/20230127_134852.jpg","Sandstone/SW/20230127_134852.jpg"
"547","/Users/jasper/Desktop/BIO3018F/Jasper/Practical/Photos/Sandstone/SW/20230127_135031.jpg","Sandstone/SW/20230127_135031.jpg"
"548","/Users/jasper/Desktop/BIO3018F/Jasper/Practical/Photos/Sandstone/SW/20230127_135039.jpg","Sandstone/SW/20230127_135039.jpg"
"549","/Users/jasper/Desktop/BIO3018F/Jasper/Practical/Photos/Sandstone/SW/20230127_135042.jpg","Sandstone/SW/20230127_135042.jpg"
"550","/Users/jasper/Desktop/BIO3018F/Jasper/Practical/Photos/Sandstone/SW/20230127_135327.jpg","Sandstone/SW/20230127_135327.jpg"
"551","/Users/jasper/Desktop/BIO3018F/Jasper/Practical/Photos/Sandstone/SW/20230127_135330.jpg","Sandstone/SW/20230127_135330.jpg"
"552","/Users/jasper/Desktop/BIO3018F/Jasper/Practical/Photos/Sandstone/SW/20230127_135334.jpg","Sandstone/SW/20230127_135334.jpg"
"553","/Users/jasper/Desktop/BIO3018F/Jasper/Practical/Photos/Sandstone/SW/20230127_135344.jpg","Sandstone/SW/20230127_135344.jpg"
"554","/Users/jasper/Desktop/BIO3018F/Jasper/Practical/Photos/Sandstone/SW/20230127_135547.jpg","Sandstone/SW/20230127_135547.jpg"
"555","/Users/jasper/Desktop/BIO3018F/Jasper/Practical/Photos/Sandstone/SW/20230127_135549.jpg","Sandstone/SW/20230127_135549.jpg"
"556","/Users/jasper/Desktop/BIO3018F/Jasper/Practical/Photos/Sandstone/SW/20230127_135553.jpg","Sandstone/SW/20230127_135553.jpg"
"557","/Users/jasper/Desktop/BIO3018F/Jasper/Practical/Photos/Sandstone/SW/20230127_135556.jpg","Sandstone/SW/20230127_135556.jpg"
"558","/Users/jasper/Desktop/BIO3018F/Jasper/Practical/Photos/Sandstone/SW/20230127_135558.jpg","Sandstone/SW/20230127_135558.jpg"
"559","/Users/jasper/Desktop/BIO3018F/Jasper/Practical/Photos/Sandstone/SW/20230127_135932.jpg","Sandstone/SW/20230127_135932.jpg"
"560","/Users/jasper/Desktop/BIO3018F/Jasper/Practical/Photos/Sandstone/SW/20230127_140242.jpg","Sandstone/SW/20230127_140242.jpg"
"561","/Users/jasper/Desktop/BIO3018F/Jasper/Practical/Photos/Sandstone/SW/20230127_140249.jpg","Sandstone/SW/20230127_140249.jpg"
"562","/Users/jasper/Desktop/BIO3018F/Jasper/Practical/Photos/Sandstone/SW/20230127_140641.jpg","Sandstone/SW/20230127_140641.jpg"
"563","/Users/jasper/Desktop/BIO3018F/Jasper/Practical/Photos/Sandstone/SW/20230127_140648.jpg","Sandstone/SW/20230127_140648.jpg"
"564","/Users/jasper/Desktop/BIO3018F/Jasper/Practical/Photos/Sandstone/SW/20230127_140656.jpg","Sandstone/SW/20230127_140656.jpg"
"565","/Users/jasper/Desktop/BIO3018F/Jasper/Practical/Photos/Sandstone/SW/20230127_141037.jpg","Sandstone/SW/20230127_141037.jpg"
"566","/Users/jasper/Desktop/BIO3018F/Jasper/Practical/Photos/Sandstone/SW/20230127_141040.jpg","Sandstone/SW/20230127_141040.jpg"
"567","/Users/jasper/Desktop/BIO3018F/Jasper/Practical/Photos/Sandstone/SW/20230127_141044.jpg","Sandstone/SW/20230127_141044.jpg"
"568","/Users/jasper/Desktop/BIO3018F/Jasper/Practical/Photos/Sandstone/SW/20230127_141050.jpg","Sandstone/SW/20230127_141050.jpg"
"569","/Users/jasper/Desktop/BIO3018F/Jasper/Practical/Photos/Sandstone/SW/20230127_141055.jpg","Sandstone/SW/20230127_141055.jpg"
"570","/Users/jasper/Desktop/BIO3018F/Jasper/Practical/Photos/Sandstone/SW/20230127_141056.jpg","Sandstone/SW/20230127_141056.jpg"
